<?xml version="1.0" encoding="UTF-8" ?>
<!-- $Header: DATA_TEMPLATE_HAEMO_XXHA_MISSING_GRADES.xml 115.0 2014/12/01 15:13:58 xdouser noship $ -->
<!-- dbdrv: none -->
 
<dataTemplate name="XXHA_MISSING_GRADES" description="XXHA: HR Missing Grade Report" Version="1.0">
 <parameters>
    <parameter name="P_START_DATE" dataType="date" /> 
    <parameter name="P_END_DATE" dataType="date" /> 
    <parameter name="P_LABOR_TYPE" dataType="varchar2" /> 
 </parameters>
<dataQuery>
 <sqlStatement name="Q_NO_GRADE">
 <![CDATA[ 
 select bg.name BUSINESS_GROUP
, pep.employee_number EMPLOYEE_NUMBER
, pep.full_name EMPLOYEE_NAME
, hr_person_type_usage_info.get_user_person_type (asg.effective_end_date,pep.person_id) PERSON_TYPE
, sup.full_name MANAGER_NAME
, to_char(asg.effective_start_date,'MM/DD/YYYY') ASSIGNMENT_START_DATE
, decode(to_char(asg.effective_end_date,'MM/DD/YYYY'),'12/31/4712',null,to_char(asg.effective_end_date,'MM/DD/YYYY')) ASSIGNMENT_END_DATE
, hr_general.decode_lookup ('EMP_CAT', asg.employment_category) EMP_CAT
, jd.segment5 LABOR_TYPE
from per_all_people_f pep
, per_all_assignments_f asg
, per_business_groups bg
, per_people_x sup
, per_jobs j
, per_joB_definitions jd
where sysdate between pep.effective_start_date and pep.effective_end_date
and pep.person_id = asg.person_id
and asg.effective_end_date >= trunc(:P_START_DATE)
and asg.effective_start_date < trunc(:P_END_DATE)
and asg.grade_id is null
and asg.supervisor_id = sup.person_id(+)
and asg.primary_flag = 'Y'
and pep.business_group_id = bg.business_group_id
and asg.job_id = j.job_id(+)
and j.job_definition_id = jd.job_definition_id(+)
and decode(:P_LABOR_TYPE,null,jd.segment5,:P_LABOR_TYPE) = jd.segment5
and hr_person_type_usage_info.get_user_person_type (asg.effective_end_date,pep.person_id) like 'Employee%'
order by 1,3,6
    ]]> 
  </sqlStatement>
 </dataQuery>
 <dataStructure>
   <group name="G_NO_GRADE" source="Q_NO_GRADE">
     <element name="BUSINESS_GROUP" value="BUSINESS_GROUP" /> 
     <element name="EMPLOYEE_NUMBER" value="EMPLOYEE_NUMBER" /> 
     <element name="EMPLOYEE_NAME" value="EMPLOYEE_NAME" /> 
     <element name="PERSON_TYPE" value="PERSON_TYPE" /> 
     <element name="MANAGER_NAME" value="MANAGER_NAME" /> 
     <element name="ASSIGNMENT_START_DATE" value="ASSIGNMENT_START_DATE" /> 
     <element name="ASSIGNMENT_END_DATE" value="ASSIGNMENT_END_DATE" /> 
     <element name="EMP_CAT" value="EMP_CAT" /> 
     <element name="LABOR_TYPE" value="LABOR_TYPE" /> 
   </group>
 </dataStructure>
</dataTemplate>