<?xml version="1.0" encoding="UTF-8" ?>
<!-- $Header: DATA_TEMPLATE_HAEMO_XXHA_VERTEX_TDM_CUSTOMERS.XML 115.0 2014/12/01 15:14:12 xdouser noship $ -->
<!-- dbdrv: none -->
 
<dataTemplate name="XXHA_VERTEX_TDM_CUSTOMERS" description="XXHA: Vertex TDM Customers Audit Report" Version="1.0">
 <parameters>
    <parameter name="P_DAYS" dataType="number" /> 
 </parameters>
<dataQuery>
 <sqlStatement name="Q_CUSTS">
 <![CDATA[ 
SELECT  
 to_char(TO_DATE(TCUST.CUSTCREATEDATE, 'YYYYMMDD'),'DD-MON-YYYY') "CREATION_DATE"
,rtrim(TC.COMPCODE) COMPANY_CODE
,rtrim(TC.COMPNAME) COMPANY_NAME
,to_char(TO_DATE(TCUST.CUSTEFFECTDATE, 'YYYYMMDD'),'DD-MON-YYYY') "EFFECTIVE_DATE"
,rtrim(TCB.CUSTCODECLASS) CUSTOMER_CODE_CLASS
,rtrim(TCB.CUSTNAME) CUSTOMER_NAME
,CASE WHEN LENGTH(TCUST.CUSTSTATEGEO)=8 THEN SUBSTR(TCUST.CUSTSTATEGEO,1,1)
        ELSE  SUBSTR(TCUST.CUSTSTATEGEO,1,2) END AS "STATE_CODE"
,CASE WHEN TCUST.CUSTSTATEGEO = 0 THEN 'ALL States' ELSE (SELECT rtrim(LOCNAMESTATE) FROM VERTEX.LOCSTATE WHERE (CASE WHEN LENGTH(TCUST.CUSTSTATEGEO)=8 THEN SUBSTR(TCUST.CUSTSTATEGEO,1,1)
        ELSE  SUBSTR(TCUST.CUSTSTATEGEO,1,2) END ) = LOCGEOSTATE) END AS "STATE_NAME"
,DECODE(TCUST.CUSTSTTAXFLG, 1,'Default',2,'Vertex Rate',3,'Exempt',4,'Customer Rate',5,'Customer/Product Rate',6,'Customer/Product Rate then customer') "STATE_FLAG"
,DECODE(TCUST.CUSTCOTAXFLG, 1,'Default',2,'Vertex Rate',3,'Exempt',4,'Customer Rate',5,'Customer/Product Rate',6,'Customer/Product Rate then customer') "COUNTY_FLAG"
,DECODE(TCUST.CUSTCITAXFLG, 1,'Default',2,'Vertex Rate',3,'Exempt',4,'Customer Rate',5,'Customer/Product Rate',6,'Customer/Product Rate then customer') "CITY_FLAG"
,DECODE(TCUST.CUSTDISTTAXFLG, 1,'Default',2,'Vertex Rate',3,'Exempt',4,'Customer Rate',5,'Customer/Product Rate',6,'Customer/Product Rate then customer') "DISTRICT_FLAG"
FROM 
  VERTEX.TDMCUSTOMER TCUST
 ,VERTEX.TDMCOMPANY TC
 ,VERTEX.TDMCUSTOMERBASIC TCB
WHERE 
 TC.COMPDIVNUM = TCUST.COMPDIVNUM
 AND TO_DATE(TCUST.CUSTCREATEDATE, 'YYYYMMDD') >= (SYSDATE - :P_DAYS)
 AND (TCB.COMPDIVNUM = TCUST.COMPDIVNUM AND TCB.CUSTNUM = TCUST.CUSTNUM)
ORDER BY TCUST.CUSTCREATEDATE, TC.COMPCODE, TCB.CUSTCODECLASS, TCUST.CUSTSTATEGEO    ]]> 
  </sqlStatement>
 </dataQuery>
 <dataStructure>
   <group name="G_CUSTS" source="Q_CUSTS">
     <element name="CREATION_DATE" value="CREATION_DATE" /> 
     <element name="COMPANY_CODE" value="COMPANY_CODE" /> 
     <element name="COMPANY_NAME" value="COMPANY_NAME" /> 
     <element name="EFFECTIVE_DATE" value="EFFECTIVE_DATE" /> 
     <element name="CUSTOMER_CODE_CLASS" value="CUSTOMER_CODE_CLASS" /> 
     <element name="CUSTOMER_NAME" value="CUSTOMER_NAME" /> 
     <element name="STATE_CODE" value="STATE_CODE" /> 
     <element name="STATE_NAME" value="STATE_NAME" /> 
     <element name="STATE_FLAG" value="STATE_FLAG" /> 
     <element name="COUNTY_FLAG" value="COUNTY_FLAG" /> 
     <element name="CITY_FLAG" value="CITY_FLAG" /> 
     <element name="DISTRICT_FLAG" value="DISTRICT_FLAG" /> 
   </group>
 </dataStructure>
</dataTemplate>