<?xml version="1.0" encoding="UTF-8" ?>
<!-- $Header: DATA_TEMPLATE_HAEMO_XXHA_BONUS_CHG.xml 115.0 2014/12/01 15:11:23 xdouser noship $ -->
<!-- dbdrv: none -->
 
<dataTemplate name="XXHA_BONUS_CHG" description="XXHA: HR Bonus Achievement EIT Change Report" Version="1.0">
 <parameters>
    <parameter name="P_START_DATE" dataType="date" /> 
    <parameter name="P_END_DATE" dataType="date" /> 
 </parameters>
<dataQuery>
 <sqlStatement name="Q_EIT">
 <![CDATA[ 
SELECT bg.NAME BUSINESS_GROUP
  , pep.full_name EMPLOYEE_NAME
  , pep.employee_number EMPLOYEE_NUMBER
  , pe.PEI_INFORMATION1 EIT_YEAR
  , pe.PEI_INFORMATION9 IND_ACH_PCT
  , to_char(pe.last_update_date,'MM/DD/YYYY') LAST_UPDATE_DATE
  , pe.last_updated_by LAST_UPDATED_BY
  , upd.employee_number UPDATED_BY_EMP_NO
  , upd.full_name UPDATED_BY
FROM PER_PEOPLE_EXTRA_INFO pe, per_people_x pep, per_business_groups bg
, fnd_user u, per_people_x upd
where information_type = 'HAE_BONUS_GLB'
and pep.person_id = pe.person_id 
AND pep.business_group_id = bg.business_group_id
AND pe.last_updated_by = u.user_id
AND u.employee_id = upd.person_id
AND hr_person_type_usage_info.get_user_person_type (SYSDATE,pep.person_id) LIKE 'Employee%'
and trunc(pe.last_update_date) >= trunc(:P_START_DATE)
and trunc(pe.last_update_date) <= trunc(:P_END_DATE)
order by 1,2,4
    ]]> 
  </sqlStatement>
 </dataQuery>
 <dataStructure>
   <group name="G_EIT" source="Q_EIT">
     <element name="BUSINESS_GROUP" value="BUSINESS_GROUP" /> 
     <element name="EMPLOYEE_NAME" value="EMPLOYEE_NAME" /> 
     <element name="EMPLOYEE_NUMBER" value="EMPLOYEE_NUMBER" /> 
     <element name="EIT_YEAR" value="EIT_YEAR" /> 
     <element name="IND_ACH_PCT" value="IND_ACH_PCT" /> 
     <element name="LAST_UPDATE_DATE" value="LAST_UPDATE_DATE" /> 
     <element name="LAST_UPDATED_BY" value="LAST_UPDATED_BY" /> 
     <element name="UPDATED_BY_EMP_NO" value="UPDATED_BY_EMP_NO" /> 
     <element name="UPDATED_BY" value="UPDATED_BY" /> 
   </group>
 </dataStructure>
</dataTemplate>