<?xml version="1.0" encoding="UTF-8" ?>
<!-- $Header: DATA_TEMPLATE_HAEMO_XXHA_SKIPLOT_DETAILS.xml 115.0 2014/12/01 15:14:10 xdouser noship $ -->
<!-- dbdrv: none -->
 
<dataTemplate name="XXHA_SKIPLOT_DETAILS" description="XXHA Skiplot Details Report" Version="1.0">
 <parameters>
    <parameter name="P_ORG_ID" dataType="number" /> 
 </parameters>
<dataQuery>
 <sqlStatement name="Q1">
 <![CDATA[ 
SELECT s.ORGANIZATION_CODE,
       s.ITEM,
       s.ITEM_DESCRIPTION,
       s.ITEM_REVISION,
       s.PROCESS_CODE,
       s.PROCESS_DESC,
       s.QUALIFICATION_LOTS,
       s.QUALIFICATION_DAYS,
       s.COLLECTION_PLAN,
       s.PLAN_TYPE,
       s.ALTERNATE_PLAN_NAME,
       s.ALT_PLAN_TYPE,
       s.RULE_SEQ,
       s.FREQUENCY_NUM,
       s.FREQUENCY_DENOM,
       s.ROUNDS,
       sp.SAMPLING_PLAN_CODE,
       to_char(sp.sp_effective_from,'MM\DD\YYYY') SP_EFFECTIVE_FROM,
       to_char(sp.sp_effective_to,'MM\DD\YYYY') SP_EFFECTIVE_TO
from XXHA_SKIPLOT_V s, mtl_parameters p, QA_SP_CRITERIA_ASSOCIATION_V sp
where s.organization_code = p.organization_code
and p.organization_id = :P_ORG_ID
and s.collection_plan = sp.collection_plan_name(+)
]]> 
  </sqlStatement>
 </dataQuery>
 <dataStructure>
   <group name="G_SKIPLOT" source="Q1">
     <element name="ORGANIZATION_CODE" value="ORGANIZATION_CODE" />
     <element name="ITEM" value="ITEM" /> 
     <element name="ITEM_DESCRIPTION" value="ITEM_DESCRIPTION" /> 
     <element name="ITEM_REVISION" value="ITEM_REVISION" /> 
     <element name="PROCESS_CODE" value="PROCESS_CODE" /> 
     <element name="PROCESS_DESC" value="PROCESS_DESC" /> 
     <element name="QUALIFICATION_LOTS" value="QUALIFICATION_LOTS" /> 
     <element name="QUALIFICATION_DAYS" value="QUALIFICATION_DAYS" /> 
     <element name="COLLECTION_PLAN" value="COLLECTION_PLAN" /> 
     <element name="PLAN_TYPE" value="PLAN_TYPE" /> 
     <element name="ALTERNATE_PLAN_NAME" value="ALTERNATE_PLAN_NAME" /> 
     <element name="ALT_PLAN_TYPE" value="ALT_PLAN_TYPE" /> 
     <element name="RULE_SEQ" value="RULE_SEQ" /> 
     <element name="FREQUENCY_NUM" value="FREQUENCY_NUM" /> 
     <element name="FREQUENCY_DENOM" value="FREQUENCY_DENOM" /> 
     <element name="ROUNDS" value="ROUNDS" /> 
     <element name="SAMPLING_PLAN_CODE" value="SAMPLING_PLAN_CODE" /> 
     <element name="SP_EFFECTIVE_FROM" value="SP_EFFECTIVE_FROM" /> 
     <element name="SP_EFFECTIVE_TO" value="SP_EFFECTIVE_TO" /> 
   </group>
 </dataStructure>
</dataTemplate>