<?xml version="1.0" encoding="UTF-8" ?>
<!-- $Header: DATA_TEMPLATE_HAEMO_XXHA_HR_TIMECARDS_DL.XML 115.0 2014/12/01 15:15:21 xdouser noship $ -->
<!-- dbdrv: none -->
 
<dataTemplate name="XXHA_HR_TIMECARDS" description="XXHA: HR Hourly Timecards" Version="1.0">
 <parameters>
    <parameter name="P_LOCATION" dataType="number" /> 
    <parameter name="P_DATE" dataType="date" /> 
 </parameters>
<dataQuery>
 <sqlStatement name="Q_TIMECARDS">
 <![CDATA[ 
select pep.attribute1 EMP_NUM
, pep.full_name EMPLOYEE
, sup.full_name MANAGER
, asg.ass_attribute1 SHIFT
, cak.segment1 LEGAL_ENTITY
, cak.segment2 PRODUCT_LINE
, cak.segment3 BUSINESS_UNIT
, cak.segment4 MANAGEMENT_UNIT
, cak.segment5 DEPARTMENT
, cak.segment6 ACCOUNT
, :P_DATE PE_DATE
, :P_DATE-1 PE_DATE1
, :P_DATE-2 PE_DATE2
, :P_DATE-3 PE_DATE3
, :P_DATE-4 PE_DATE4
, :P_DATE-5 PE_DATE5
, :P_DATE-6 PE_DATE6
, :P_DATE-7 PE_DATE7
, :P_DATE-8 PE_DATE8
, :P_DATE-9 PE_DATE9
, :P_DATE-10 PE_DATE10
, :P_DATE-11 PE_DATE11
, :P_DATE-12 PE_DATE12
, :P_DATE-13 PE_DATE13
, loc.location_code HR_LOCATION
from per_all_people_f pep
, per_people_x sup
, per_all_assignments_f asg
, per_jobs j
, hr_locations loc
, PER_TIME_PERIODS_V pay
, per_job_definitions jd
, per_business_groups bg
, per_assignment_status_types ast
, pay_cost_allocations_f ca
, PAY_COST_ALLOCATION_KEYFLEX cak
where pep.person_id = asg.person_id
and trunc(:P_DATE) between pep.effective_start_date and pep.effective_end_date
and trunc(:P_DATE) between asg.effective_start_date and asg.effective_end_date
and asg.assignment_status_type_id = ast.assignment_status_type_id
and asg.primary_flag = 'Y'
and asg.supervisor_id = sup.person_id(+)
and asg.location_id = nvl(:P_LOCATION,asg.location_id)
and asg.location_id = loc.location_id(+)
and asg.job_id = j.job_id(+)
and j.job_definition_id = jd.job_definition_id(+)
and pep.business_group_id = bg.business_group_id
and bg.name = 'BG_US'
and ast.per_system_status = 'ACTIVE_ASSIGN'
and ca.assignment_id = asg.assignment_id
and trunc(:P_DATE) between ca.effective_start_date and ca.effective_end_date
and ca.cost_allocation_keyflex_id = cak.cost_allocation_keyflex_id 
and asg.hourly_salaried_code = 'H'
and hr_person_type_usage_info.get_user_person_type (:P_DATE,pep.person_id) like 'Employee%'
and asg.payroll_id = pay.payroll_id
and trunc(:P_DATE) between pay.start_date and pay.end_date
--and substr(jd.segment5,1,1) = 'D'
and cak.segment6 = '600000'
order by loc.location_code, cak.segment4, cak.segment5, asg.ass_attribute1, pep.full_name 
    ]]> 
  </sqlStatement>
 </dataQuery>
 <dataStructure>
   <group name="G_TIMECARDS" source="Q_TIMECARDS">
     <element name="EMP_NUM" value="EMP_NUM" /> 
     <element name="EMPLOYEE" value="EMPLOYEE" /> 
     <element name="MANAGER" value="MANAGER" /> 
     <element name="SHIFT" value="SHIFT" /> 
     <element name="LEGAL_ENTITY" value="LEGAL_ENTITY" /> 
     <element name="PRODUCT_LINE" value="PRODUCT_LINE" /> 
     <element name="BUSINESS_UNIT" value="BUSINESS_UNIT" /> 
     <element name="MANAGEMENT_UNIT" value="MANAGEMENT_UNIT" /> 
     <element name="BUSINESS_UNIT" value="BUSINESS_UNIT" /> 
     <element name="DEPARTMENT" value="DEPARTMENT" /> 
     <element name="ACCOUNT" value="ACCOUNT" /> 
     <element name="PE_DATE" value="PE_DATE" /> 
     <element name="PE_DATE1" value="PE_DATE1" /> 
     <element name="PE_DATE2" value="PE_DATE2" /> 
     <element name="PE_DATE3" value="PE_DATE3" /> 
     <element name="PE_DATE4" value="PE_DATE4" /> 
     <element name="PE_DATE5" value="PE_DATE5" /> 
     <element name="PE_DATE6" value="PE_DATE6" /> 
     <element name="PE_DATE7" value="PE_DATE7" /> 
     <element name="PE_DATE8" value="PE_DATE8" /> 
     <element name="PE_DATE9" value="PE_DATE9" /> 
     <element name="PE_DATE10" value="PE_DATE10" /> 
     <element name="PE_DATE11" value="PE_DATE11" /> 
     <element name="PE_DATE12" value="PE_DATE12" /> 
     <element name="PE_DATE13" value="PE_DATE13" /> 
     <element name="HR_LOCATION" value="HR_LOCATION" /> 
   </group>
 </dataStructure>
</dataTemplate>