<?xml version="1.0" encoding="UTF-8" ?>
<!-- $Header: DATA_TEMPLATE_HAEMO_XXHA_EITAUDIT.xml 115.0 2014/12/01 15:20:21 xdouser noship $ -->
<!-- dbdrv: none -->
 
<dataTemplate name="XXHA_EITAUDIT" description="XXHA: EIT Transactions Audit Report" Version="1.0">
<parameters> 
    <parameter name="from_date" dataType="character" />
	<parameter name="to_date" dataType="character" />
</parameters>
<dataQuery>
<sqlStatement name="Q_AR_ADJUSTMENTS">
<![CDATA[ 
with aEmps as
(
select u.user_id, hlist.person_id, p.full_name, s.full_name supervisor_full_name
from 
(
select level, a.person_id, a.supervisor_id
from per_empdir_assignments a
connect by a.supervisor_id = prior a.person_id
start with a.supervisor_id = 20530
and a.active= 'Y' ) hlist,
per_people_x p,
per_people_x s,
fnd_user u
where hlist.person_id = p.person_id
and   hlist.supervisor_id = s.person_id
and   hlist.person_id = u.employee_id
)
SELECT 1 order_by, a.adjustment_number Transaction, to_char(a.apply_date) Trx_info, a.status, 
       a.amount, a.type adjustment_type, 
       b.user_name created_by_user, a.creation_date,
       c.user_name last_updated_by_user, a.last_update_date, 
       'AR Adjustments' reporting, al.meaning meaning
  FROM ar.ar_adjustments_all a, applsys.fnd_user b, applsys.fnd_user c, ar_lookups al, aEmps
 WHERE a.created_by = b.user_id
   AND a.last_updated_by = c.user_id
   and al.lookup_type = 'ADJUSTMENT_CREATION_TYPE'
   and a.adjustment_type = al.lookup_code
   and aEmps.user_id = any(b.user_id, c.user_id)
   --AND (a.creation_date > sysdate - 10 or a.last_update_date > sysdate - 10)
  AND ((aEmps.user_id = b.user_id and a.creation_date >= to_date(:from_date, 'YYYY/MM/DD HH24:MI:SS') and a.creation_date < to_date(:to_date, 'YYYY/MM/DD HH24:MI:SS')+1)or (aEmps.user_id = c.user_id and a.last_update_date >= to_date(:from_date, 'YYYY/MM/DD HH24:MI:SS') and a.last_update_date < to_date(:to_date, 'YYYY/MM/DD HH24:MI:SS')+1))
  ]]> 
  </sqlStatement>
<sqlStatement name="Q_AR_BATCHES">
<![CDATA[ 
with aEmps as
(
select u.user_id, hlist.person_id, p.full_name, s.full_name supervisor_full_name
from 
(
select level, a.person_id, a.supervisor_id
from per_empdir_assignments a
connect by a.supervisor_id = prior a.person_id
start with a.supervisor_id = 20530
and a.active= 'Y' ) hlist,
per_people_x p,
per_people_x s,
fnd_user u
where hlist.person_id = p.person_id
and   hlist.supervisor_id = s.person_id
and   hlist.person_id = u.employee_id
)
SELECT 2 order_by, a.NAME payment_batch, to_char(batch_date) batch_date, a.status batch_status,
       a.control_amount control_amount, a.lockbox_batch_name,
       b.user_name created_by_user, a.creation_date, 
       c.user_name last_updated_by_user, a.last_update_date, 
       'AR Batches' reporting, type meaning
  FROM ar.ar_batches_all a, applsys.fnd_user b, applsys.fnd_user c, aEmps
 WHERE a.created_by = b.user_id
   AND a.last_updated_by = c.user_id
   and aEmps.user_id = any(b.user_id, c.user_id)
   --AND (a.creation_date > sysdate - 10 or a.last_update_date > sysdate - 10)
  AND ((aEmps.user_id = b.user_id and a.creation_date >= to_date(:from_date, 'YYYY/MM/DD HH24:MI:SS') and a.creation_date < to_date(:to_date, 'YYYY/MM/DD HH24:MI:SS')+1)or (aEmps.user_id = c.user_id and a.last_update_date >= to_date(:from_date, 'YYYY/MM/DD HH24:MI:SS') and a.last_update_date < to_date(:to_date, 'YYYY/MM/DD HH24:MI:SS')+1))
   ]]> 
  </sqlStatement>  
<sqlStatement name="Q_AR_DISTRIBUTIONS">
<![CDATA[ 
with aEmps as
(
select u.user_id, hlist.person_id, p.full_name, s.full_name supervisor_full_name
from 
(
select level, a.person_id, a.supervisor_id
from per_empdir_assignments a
connect by a.supervisor_id = prior a.person_id
start with a.supervisor_id = 20530
and a.active= 'Y' ) hlist,
per_people_x p,
per_people_x s,
fnd_user u
where hlist.person_id = p.person_id
and   hlist.supervisor_id = s.person_id
and   hlist.person_id = u.employee_id
)
SELECT 3 order_by, a.source_type, to_char(nvl(a.last_update_date, a.creation_date)) DISTRIBUTION_DATE, to_char(null) null_status,
       nvl(a.amount_dr, a.amount_cr) je_cr_db_amount, to_char(a.amount_dr)||decode(a.amount_dr,null,'','Dr ')||to_char(a.amount_cr)||decode(a.amount_cr,null,'','Cr') Debit_Credit,
       b.user_name created_by_user,
       a.creation_date, c.user_name last_updated_by_user, a.last_update_date,
       'AR Distributions' reporting, to_char(null) meaning
  FROM ar.ar_distributions_all a, applsys.fnd_user b, applsys.fnd_user c, aEmps
 WHERE a.created_by = b.user_id
   AND a.last_updated_by = c.user_id
   and abs(nvl(a.amount_dr,0)) + abs(nvl(a.amount_cr,0)) > 0
   and aEmps.user_id = any(b.user_id, c.user_id)
   --AND (a.creation_date > sysdate - 10 or a.last_update_date > sysdate - 10)
  AND ((aEmps.user_id = b.user_id and a.creation_date >= to_date(:from_date, 'YYYY/MM/DD HH24:MI:SS') and a.creation_date < to_date(:to_date, 'YYYY/MM/DD HH24:MI:SS')+1)or (aEmps.user_id = c.user_id and a.last_update_date >= to_date(:from_date, 'YYYY/MM/DD HH24:MI:SS') and a.last_update_date < to_date(:to_date, 'YYYY/MM/DD HH24:MI:SS')+1))
   ]]> 
  </sqlStatement>  
<sqlStatement name="Q_AR_CASH_RECEIPTS">
<![CDATA[ 
with aEmps as
(
select u.user_id, hlist.person_id, p.full_name, s.full_name supervisor_full_name
from 
(
select level, a.person_id, a.supervisor_id
from per_empdir_assignments a
connect by a.supervisor_id = prior a.person_id
start with a.supervisor_id = 20530
and a.active= 'Y' ) hlist,
per_people_x p,
per_people_x s,
fnd_user u
where hlist.person_id = p.person_id
and   hlist.supervisor_id = s.person_id
and   hlist.person_id = u.employee_id
)
SELECT 4 order_by, a.receipt_number, to_char(a.receipt_date) receipt_date, a.status,
       a.amount, a.comments,
       b.user_name created_by_user, a.creation_date,
       c.user_name last_updated_by_user, a.last_update_date,
       'AR Cash Receipts' reporting, type meaning
  FROM ar.ar_cash_receipts_all a, applsys.fnd_user b, applsys.fnd_user c, aEmps
 WHERE a.created_by = b.user_id
   AND a.last_updated_by = c.user_id
   and aEmps.user_id = any(b.user_id, c.user_id)
   --AND (a.creation_date > sysdate - 10 or a.last_update_date > sysdate - 10)
  AND ((aEmps.user_id = b.user_id and a.creation_date >= to_date(:from_date, 'YYYY/MM/DD HH24:MI:SS') and a.creation_date < to_date(:to_date, 'YYYY/MM/DD HH24:MI:SS')+1)or (aEmps.user_id = c.user_id and a.last_update_date >= to_date(:from_date, 'YYYY/MM/DD HH24:MI:SS') and a.last_update_date < to_date(:to_date, 'YYYY/MM/DD HH24:MI:SS')+1))
   ]]> 
  </sqlStatement>  
<sqlStatement name="Q_AR_CUSTOMER_ENTRY">
<![CDATA[ 
with aEmps as
(
select u.user_id, hlist.person_id, p.full_name, s.full_name supervisor_full_name
from 
(
select level, a.person_id, a.supervisor_id
from per_empdir_assignments a
connect by a.supervisor_id = prior a.person_id
start with a.supervisor_id = 20530
and a.active= 'Y' ) hlist,
per_people_x p,
per_people_x s,
fnd_user u
where hlist.person_id = p.person_id
and   hlist.supervisor_id = s.person_id
and   hlist.person_id = u.employee_id
)
SELECT 1 order_by, a.account_number customer_number, hp.party_name customer_name, a.status, --a.first_name, a.last_name,
       to_number(null) null_amount, a.customer_type,
       b.user_name created_by_user, a.creation_date,
       c.user_name last_updated_by_user, a.last_update_date,
       'AR - Customer Entry' reporting, a.customer_class_code || '/' || hp.category_code meaning
  FROM HZ_CUST_ACCOUNTS a, hz_parties hp, applsys.fnd_user b, applsys.fnd_user c, aEmps
 WHERE a.created_by = b.user_id
   AND a.last_updated_by = c.user_id
   and aEmps.user_id = any(b.user_id, c.user_id)
   and a.party_id = hp.party_id
   --AND (a.creation_date > sysdate - 10 or a.last_update_date > sysdate - 10)
  AND ((aEmps.user_id = b.user_id and a.creation_date >= to_date(:from_date, 'YYYY/MM/DD HH24:MI:SS') and a.creation_date < to_date(:to_date, 'YYYY/MM/DD HH24:MI:SS')+1)or (aEmps.user_id = c.user_id and a.last_update_date >= to_date(:from_date, 'YYYY/MM/DD HH24:MI:SS') and a.last_update_date < to_date(:to_date, 'YYYY/MM/DD HH24:MI:SS')+1))
   ]]> 
  </sqlStatement>  
<sqlStatement name="Q_GL_JOURNALS_ENTER">
<![CDATA[ 
	with aEmps as
	(
	select u.user_id, hlist.person_id, p.full_name, s.full_name supervisor_full_name
	from 
	(
	select level, a.person_id, a.supervisor_id
	from per_empdir_assignments a
	connect by a.supervisor_id = prior a.person_id
	start with a.supervisor_id = 20530
	and a.active= 'Y' ) hlist,
	per_people_x p,
	per_people_x s,
	fnd_user u
	where hlist.person_id = p.person_id
	and   hlist.supervisor_id = s.person_id
	and   hlist.person_id = u.employee_id
	)
	SELECT 5 order_by, a.NAME journal_header_name, period_name, a.status, 
		   nvl(running_total_dr, running_total_cr) amount, to_char(posted_date) posted_date,
		   b.user_name created_by_user, a.creation_date,
		   c.user_name last_updated_by_user, a.last_update_date,
		   'GL Journals - Enter' reporting, a.je_source||'/'||a.je_category meaning
	  FROM gl_je_headers a,
	--       gl_ledgers s,  -- ITSC R11R0228V36I01 R12 Migration  : Sajesh : 05-May-2011
		   fnd_user b,
		   fnd_user c, aEmps
	 WHERE a.created_by = b.user_id
	   AND a.last_updated_by = c.user_id
	--   AND a.ledger_id = s.ledger_id
	   and aEmps.user_id = any(b.user_id, c.user_id)
	   --AND (a.creation_date > sysdate - 10 or a.last_update_date > sysdate - 10)
	  AND ((aEmps.user_id = b.user_id and a.creation_date >= to_date(:from_date, 'YYYY/MM/DD HH24:MI:SS') and a.creation_date < to_date(:to_date, 'YYYY/MM/DD HH24:MI:SS')+1)or (aEmps.user_id = c.user_id and a.last_update_date >= to_date(:from_date, 'YYYY/MM/DD HH24:MI:SS') and a.last_update_date < to_date(:to_date, 'YYYY/MM/DD HH24:MI:SS')+1))
   ]]> 
  </sqlStatement>  
<sqlStatement name="Q_GL_JOURNALS_POST">
<![CDATA[ 
with aEmps as
(
select u.user_id, hlist.person_id, p.full_name, s.full_name supervisor_full_name
from 
(
select level, a.person_id, a.supervisor_id
from per_empdir_assignments a
connect by a.supervisor_id = prior a.person_id
start with a.supervisor_id = 20530
and a.active= 'Y' ) hlist,
per_people_x p,
per_people_x s,
fnd_user u
where hlist.person_id = p.person_id
and   hlist.supervisor_id = s.person_id
and   hlist.person_id = u.employee_id
)
SELECT 6 order_by, a.NAME batch_name, to_char(a.posted_date) posted_date, a.status,
       nvl(a.running_total_dr, a.running_total_cr) amount, to_char(r.request_id) request_id,
       b.user_name created_by_user,  r.actual_start_date actual_start_date,
       to_char(null),  to_date(null),
       'GL Journals - Post' reporting, 'User submitted journal post' meaning
  FROM gl_je_batches a,
       haemo.xxha_concurrent_requests r,
       applsys.fnd_user b, aEmps
       --apps.gl_ledgers s -- ITSC R11R0228V36I01 R12 Migration  : Sajesh : 05-May-2011
 WHERE a.request_id = r.request_id
   --AND a.set_of_books_id_11i = s.ledger_id
   AND r.concurrent_program_id = 101
   AND r.requested_by = b.user_id
   and aEmps.user_id = b.user_id
   --AND (r.actual_start_date > sysdate - 10)
   AND (aEmps.user_id = b.user_id and r.actual_start_date >= to_date(:from_date, 'YYYY/MM/DD HH24:MI:SS'))
   ]]> 
  </sqlStatement>  
  <sqlStatement name="Q_GL_JOURNAL_IMPORT">
	<![CDATA[ 
with aEmps as
(
select u.user_id, hlist.person_id, p.full_name, s.full_name supervisor_full_name
from 
(
select level, a.person_id, a.supervisor_id
from per_empdir_assignments a
connect by a.supervisor_id = prior a.person_id
start with a.supervisor_id = 20530
and a.active= 'Y' ) hlist,
per_people_x p,
per_people_x s,
fnd_user u
where hlist.person_id = p.person_id
and   hlist.supervisor_id = s.person_id
and   hlist.person_id = u.employee_id
)
	SELECT 7 order_by, 'Journal Import' Import_program, to_char(a.actual_start_date)||' to '||to_char(actual_completion_date) run_duration, to_char(a.request_id)||' '||a.status_code Request_status,
		   to_number(null) null_amount, a.argument_text,
		   b.user_name created_by_user, a.actual_start_date, 
		   to_char(null) last_updated_by_user, to_date(null), 
		   'Journal Import Run' reporting, a.completion_text meaning
	  FROM haemo.xxha_concurrent_requests a, applsys.fnd_user b, aEmps
	 WHERE concurrent_program_id = 20215
	   AND a.requested_by = b.user_id
	   and aEmps.user_id = b.user_id
	   --AND (a.actual_start_date > sysdate - 10)
	   AND (aEmps.user_id = b.user_id and a.actual_start_date >= to_date(:from_date, 'YYYY/MM/DD HH24:MI:SS'))
   ]]> 
  </sqlStatement>  
  <sqlStatement name="Q_GL_JOURNALS_DEFINE_RECURRING">
	<![CDATA[ 
with aEmps as
(
select u.user_id, hlist.person_id, p.full_name, s.full_name supervisor_full_name
from 
(
select level, a.person_id, a.supervisor_id
from per_empdir_assignments a
connect by a.supervisor_id = prior a.person_id
start with a.supervisor_id = 20530
and a.active= 'Y' ) hlist,
per_people_x p,
per_people_x s,
fnd_user u
where hlist.person_id = p.person_id
and   hlist.supervisor_id = s.person_id
and   hlist.person_id = u.employee_id
)
	SELECT 8 order_by, a.NAME recurring_batch_name, to_char(greatest(a.creation_date, a.last_update_date)) recent_change_date, a.budget_flag,
		   to_number(null) null_amount, a.description,
		   b.user_name created_by_user, a.creation_date,
		   c.user_name last_updated_by_user, a.last_update_date,
		   'GL Journals - Define - Recurring' reporting, '' meaning
	  FROM gl_recurring_batches a,
		   applsys.fnd_user b,
		   applsys.fnd_user c, aEmps
		   --apps.gl_ledgers s  -- ITSC R11R0228V36I01 R12 Migration  : Sajesh : 05-May-2011
	 WHERE a.created_by = b.user_id
	   AND a.last_updated_by = c.user_id
	   --AND s.ledger_id = a.ledger_id
	   and aEmps.user_id = any(b.user_id, c.user_id)
	   --AND (a.creation_date > sysdate - 10 or a.last_update_date > sysdate - 10)
	AND ((aEmps.user_id = b.user_id and a.creation_date >= to_date(:from_date, 'YYYY/MM/DD HH24:MI:SS') and a.creation_date < to_date(:to_date, 'YYYY/MM/DD HH24:MI:SS')+1)or (aEmps.user_id = c.user_id and a.last_update_date >= to_date(:from_date, 'YYYY/MM/DD HH24:MI:SS') and a.last_update_date < to_date(:to_date, 'YYYY/MM/DD HH24:MI:SS')+1))
   ]]> 
  </sqlStatement>  
  <sqlStatement name="Q_GL_BUDGETS_DEFINE">
	<![CDATA[ 
with aEmps as
(
select u.user_id, hlist.person_id, p.full_name, s.full_name supervisor_full_name
from 
(
select level, a.person_id, a.supervisor_id
from per_empdir_assignments a
connect by a.supervisor_id = prior a.person_id
start with a.supervisor_id = 20530
and a.active= 'Y' ) hlist,
per_people_x p,
per_people_x s,
fnd_user u
where hlist.person_id = p.person_id
and   hlist.supervisor_id = s.person_id
and   hlist.person_id = u.employee_id
)
	SELECT 9 order_by, a.budget_name, to_char(greatest(a.creation_date, a.last_update_date)) recent_change_date, a.budget_type || ' '||a.status status,  --s.NAME set_of_books_name,
		   to_number(null) null_amount, a.description,
		   b.user_name created_by_user, a.creation_date,
		   c.user_name last_updated_by_user, a.last_update_date,
		   'GL Budgets - Define - Budget' reporting, '' meaning
	  FROM gl.gl_budgets a,
		   --apps.gl_ledgers s,  -- ITSC R11R0228V36I01 R12 Migration  : Sajesh : 05-May-2011
		   applsys.fnd_user b,
		   applsys.fnd_user c, aEmps
	 WHERE a.created_by = b.user_id
	   AND a.last_updated_by = c.user_id
	   --AND a.ledger_id = s.ledger_id
	   and aEmps.user_id = any(b.user_id, c.user_id)
	   --AND (a.creation_date > sysdate - 10 or a.last_update_date > sysdate - 10)
		AND ((aEmps.user_id = b.user_id and a.creation_date >= to_date(:from_date, 'YYYY/MM/DD HH24:MI:SS') and a.creation_date < to_date(:to_date, 'YYYY/MM/DD HH24:MI:SS')+1)or (aEmps.user_id = b.user_id and c.last_update_date >= to_date(:from_date, 'YYYY/MM/DD HH24:MI:SS') and a.last_update_date < to_date(:to_date, 'YYYY/MM/DD HH24:MI:SS')+1))
   ]]> 
  </sqlStatement>  
  <sqlStatement name="Q_GL_BUDGETS_ENTER">
	<![CDATA[ 
with aEmps as
(
select u.user_id, hlist.person_id, p.full_name, s.full_name supervisor_full_name
from 
(
select level, a.person_id, a.supervisor_id
from per_empdir_assignments a
connect by a.supervisor_id = prior a.person_id
start with a.supervisor_id = 20530
and a.active= 'Y' ) hlist,
per_people_x p,
per_people_x s,
fnd_user u
where hlist.person_id = p.person_id
and   hlist.supervisor_id = s.person_id
and   hlist.person_id = u.employee_id
)
SELECT 10 order_by, e.NAME budget_entity_name, to_char(greatest(a.creation_date, a.last_update_date)) recent_change_date, a.currency_code,
       to_number(null) null_amount, k.concatenated_segments, 
       b.user_name created_by_user, a.creation_date,
       c.user_name last_updated_by_user, a.last_update_date,
       'GL Budgets - Enter - Amounts' reporting, '' meaning
  FROM gl_budget_assignments a,
       gl_budget_entities e,
       --apps.gl_ledgers s,  -- ITSC R11R0228V36I01 R12 Migration  : Sajesh : 05-May-2011
       apps.gl_code_combinations_kfv k,
       applsys.fnd_user b,
       applsys.fnd_user c, aEmps
 WHERE a.created_by = b.user_id
   AND a.last_updated_by = c.user_id
   --AND a.ledger_id = s.ledger_id
   AND a.budget_entity_id = e.budget_entity_id
   AND a.code_combination_id = k.code_combination_id
   and aEmps.user_id = any(b.user_id, c.user_id)
   --AND (a.creation_date > sysdate - 10 or a.last_update_date > sysdate - 10)
	AND ((aEmps.user_id = b.user_id and a.creation_date >= to_date(:from_date, 'YYYY/MM/DD HH24:MI:SS') and a.creation_date < to_date(:to_date, 'YYYY/MM/DD HH24:MI:SS')+1)or (aEmps.user_id = c.user_id and a.last_update_date >= to_date(:from_date, 'YYYY/MM/DD HH24:MI:SS') and a.last_update_date < to_date(:to_date, 'YYYY/MM/DD HH24:MI:SS')+1))
   ]]> 
  </sqlStatement>  
  <sqlStatement name="Q_CURRENCY_REVALUATION">
	<![CDATA[ 
with aEmps as
(
select u.user_id, hlist.person_id, p.full_name, s.full_name supervisor_full_name
from 
(
select level, a.person_id, a.supervisor_id
from per_empdir_assignments a
connect by a.supervisor_id = prior a.person_id
start with a.supervisor_id = 20530
and a.active= 'Y' ) hlist,
per_people_x p,
per_people_x s,
fnd_user u
where hlist.person_id = p.person_id
and   hlist.supervisor_id = s.person_id
and   hlist.person_id = u.employee_id
)
SELECT 11 order_by, 'Currency Revaluation' Revluation_program, to_char(a.actual_start_date)||' to '||to_char(actual_completion_date) run_duration, to_char(a.request_id)||' '||a.status_code Request_status,
       to_number(null) null_amount, a.argument_text,
       b.user_name created_by_user, a.actual_start_date, 
       to_char(null) last_updated_by_user, to_date(null), 
       'Currency Revaluation Run' reporting, a.completion_text meaning
  FROM haemo.xxha_concurrent_requests a, applsys.fnd_user b, aEmps
 WHERE a.concurrent_program_id = 20397
   AND a.requested_by = b.user_id
   and aEmps.user_id = b.user_id
   --AND (a.actual_start_date > sysdate - 10)
   AND (aEmps.user_id = b.user_id and a.actual_start_date >= to_date(:from_date, 'YYYY/MM/DD HH24:MI:SS'))
   ]]> 
  </sqlStatement>  
  <sqlStatement name="Q_CURRENCY_TRANSLATION">
	<![CDATA[ 
with aEmps as
(
select u.user_id, hlist.person_id, p.full_name, s.full_name supervisor_full_name
from 
(
select level, a.person_id, a.supervisor_id
from per_empdir_assignments a
connect by a.supervisor_id = prior a.person_id
start with a.supervisor_id = 20530
and a.active= 'Y' ) hlist,
per_people_x p,
per_people_x s,
fnd_user u
where hlist.person_id = p.person_id
and   hlist.supervisor_id = s.person_id
and   hlist.person_id = u.employee_id
)
SELECT 12 order_by, 'Currency Translation' Translation_program, to_char(a.actual_start_date)||' to '||to_char(actual_completion_date) run_duration, to_char(a.request_id)||' '||a.status_code Request_status,
       to_number(null) amount, a.argument_text,
       b.user_name created_by_user, a.actual_start_date, 
       to_char(null) last_updated_by_user, to_date(null), 
       'Currency Translation Run' reporting, a.completion_text meaning
  FROM haemo.xxha_concurrent_requests a, applsys.fnd_user b, aEmps
 WHERE a.concurrent_program_id = 20240
   AND a.requested_by = b.user_id
   and aEmps.user_id = b.user_id
   --AND (r.actual_start_date > sysdate - 10)
   AND (aEmps.user_id = b.user_id and a.actual_start_date >= to_date(:from_date, 'YYYY/MM/DD HH24:MI:SS'))
   ]]> 
  </sqlStatement>  
  <sqlStatement name="Q_CONSOLIDATION_DEFINE">
	<![CDATA[ 
with aEmps as
(
select u.user_id, hlist.person_id, p.full_name, s.full_name supervisor_full_name
from 
(
select level, a.person_id, a.supervisor_id
from per_empdir_assignments a
connect by a.supervisor_id = prior a.person_id
start with a.supervisor_id = 20530
and a.active= 'Y' ) hlist,
per_people_x p,
per_people_x s,
fnd_user u
where hlist.person_id = p.person_id
and   hlist.supervisor_id = s.person_id
and   hlist.person_id = u.employee_id
)
SELECT 13 order_by, a.NAME consolidation_name, to_char(greatest(a.creation_date, a.last_update_date)) recent_change_date, a.from_currency_code,
       to_number(null) null_amount, a.description,
       b.user_name created_by_user, a.creation_date, 
       c.user_name last_updated_by_user, a.last_update_date,
       'GL Consolidation - Define - Mapping' reporting, '' meaning
  FROM gl_consolidation a, applsys.fnd_user b, applsys.fnd_user c, aEmps
 WHERE a.created_by = b.user_id
   AND a.last_updated_by = c.user_id
   and aEmps.user_id = any(b.user_id, c.user_id)
   --AND (a.creation_date > sysdate - 10 or a.last_update_date > sysdate - 10)
	AND ((aEmps.user_id = b.user_id and a.creation_date >= to_date(:from_date, 'YYYY/MM/DD HH24:MI:SS') and a.creation_date < to_date(:to_date, 'YYYY/MM/DD HH24:MI:SS')+1)or (aEmps.user_id = c.user_id and a.last_update_date >= to_date(:from_date, 'YYYY/MM/DD HH24:MI:SS') and a.last_update_date < to_date(:to_date, 'YYYY/MM/DD HH24:MI:SS')+1))
   ]]> 
  </sqlStatement>  
  <sqlStatement name="Q_POST_MASS_ADDITIONS">
	<![CDATA[ 
with aEmps as
(
select u.user_id, hlist.person_id, p.full_name, s.full_name supervisor_full_name
from 
(
select level, a.person_id, a.supervisor_id
from per_empdir_assignments a
connect by a.supervisor_id = prior a.person_id
start with a.supervisor_id = 20530
and a.active= 'Y' ) hlist,
per_people_x p,
per_people_x s,
fnd_user u
where hlist.person_id = p.person_id
and   hlist.supervisor_id = s.person_id
and   hlist.person_id = u.employee_id
)
SELECT 14 order_by, 'Post Mass Additions' FA_Additions, to_char(a.actual_start_date)||' to '||to_char(actual_completion_date) run_duration, to_char(a.request_id)||' '||a.status_code Request_status,
       to_number(null) null_amount, a.argument_text,
       b.user_name created_by_user, a.actual_start_date, 
       to_char(null) last_updated_by_user, to_date(null), 
      'FA Mass Additions - Post Mass Additions' reporting, a.completion_text meaning
  FROM haemo.xxha_concurrent_requests a, applsys.fnd_user b, aEmps
 WHERE a.concurrent_program_id = 20480
   AND a.requested_by = b.user_id
   and aEmps.user_id = b.user_id
   --AND (r.actual_start_date > sysdate - 10)
   AND (aEmps.user_id = b.user_id and a.actual_start_date >= to_date(:from_date, 'YYYY/MM/DD HH24:MI:SS'))
   ]]> 
  </sqlStatement>  
  <sqlStatement name="Q_FA_RETIREMENTS">
	<![CDATA[ 
with aEmps as
(
select u.user_id, hlist.person_id, p.full_name, s.full_name supervisor_full_name
from 
(
select level, a.person_id, a.supervisor_id
from per_empdir_assignments a
connect by a.supervisor_id = prior a.person_id
start with a.supervisor_id = 20530
and a.active= 'Y' ) hlist,
per_people_x p,
per_people_x s,
fnd_user u
where hlist.person_id = p.person_id
and   hlist.supervisor_id = s.person_id
and   hlist.person_id = u.employee_id
)
SELECT 15 order_by, 'Mass Transactions - Retirements - Post' FA_Retirements, to_char(a.actual_start_date)||' to '||to_char(actual_completion_date) run_duration, to_char(a.request_id)||' '||a.status_code Request_status,
       to_number(null) null_amount, a.argument_text,
       b.user_name created_by_user, a.actual_start_date, 
       to_char(null) last_updated_by_user, to_date(null), 
      'FA Mass Transactions - Retirements - Post' reporting, a.completion_text meaning
  FROM haemo.xxha_concurrent_requests a, applsys.fnd_user b, aEmps
 WHERE a.concurrent_program_id = 44699
   AND a.requested_by = b.user_id
   and aEmps.user_id = b.user_id
   --AND (r.actual_start_date > sysdate - 10)
   AND (aEmps.user_id = b.user_id and a.actual_start_date >= to_date(:from_date, 'YYYY/MM/DD HH24:MI:SS'))
   ]]> 
  </sqlStatement>
  
  <sqlStatement name="Q_DEPRECIATION_RUN">
	<![CDATA[ 
with aEmps as
(
select u.user_id, hlist.person_id, p.full_name, s.full_name supervisor_full_name
from 
(
select level, a.person_id, a.supervisor_id
from per_empdir_assignments a
connect by a.supervisor_id = prior a.person_id
start with a.supervisor_id = 20530
and a.active= 'Y' ) hlist,
per_people_x p,
per_people_x s,
fnd_user u
where hlist.person_id = p.person_id
and   hlist.supervisor_id = s.person_id
and   hlist.person_id = u.employee_id
)
SELECT 16 order_by, 'Depreciation - Run' depreciation_run, to_char(a.actual_start_date)||' to '||to_char(actual_completion_date) run_duration, to_char(a.request_id)||' '||a.status_code Request_status,
       to_number(null) null_amount, a.argument_text,
       b.user_name created_by_user, a.actual_start_date, 
       to_char(null) last_updated_by_user, to_date(null), 
      'FA Depreciation - Run - Depreciation' reporting, a.completion_text meaning
  FROM haemo.xxha_concurrent_requests a, applsys.fnd_user b, aEmps
 WHERE a.concurrent_program_id = 20224
   AND a.requested_by = b.user_id
   and aEmps.user_id = b.user_id
   --AND (r.actual_start_date > sysdate - 10)
   AND (aEmps.user_id = b.user_id and a.actual_start_date >= to_date(:from_date, 'YYYY/MM/DD HH24:MI:SS'))
   ]]> 
  </sqlStatement>
  <sqlStatement name="Q_FA_JOURNALS_RUN">
	<![CDATA[ 
with aEmps as
(
select u.user_id, hlist.person_id, p.full_name, s.full_name supervisor_full_name
from 
(
select level, a.person_id, a.supervisor_id
from per_empdir_assignments a
connect by a.supervisor_id = prior a.person_id
start with a.supervisor_id = 20530
and a.active= 'Y' ) hlist,
per_people_x p,
per_people_x s,
fnd_user u
where hlist.person_id = p.person_id
and   hlist.supervisor_id = s.person_id
and   hlist.person_id = u.employee_id
)
SELECT 17 order_by, 'FA Journal Entries Standard' fa_journals_run, to_char(a.actual_start_date)||' to '||to_char(actual_completion_date) run_duration, to_char(a.request_id)||' '||a.status_code Request_status,
       to_number(null) amount, a.argument_text,
       b.user_name created_by_user, a.actual_start_date, 
       to_char(null) last_updated_by_user, to_date(null), 
      'FA Journal Entries - Standard' reporting, a.completion_text meaning
  FROM haemo.xxha_concurrent_requests a, applsys.fnd_user b, aEmps
 WHERE a.concurrent_program_id = 20225
   AND a.requested_by = b.user_id
   and aEmps.user_id = b.user_id
   --AND (r.actual_start_date > sysdate - 10)
   AND (aEmps.user_id = b.user_id and a.actual_start_date >= to_date(:from_date, 'YYYY/MM/DD HH24:MI:SS'))
   ]]> 
  </sqlStatement>
  <sqlStatement name="Q_AP_INVOICE_BATCHES">
	<![CDATA[ 
with aEmps as
(
select u.user_id, hlist.person_id, p.full_name, s.full_name supervisor_full_name
from 
(
select level, a.person_id, a.supervisor_id
from per_empdir_assignments a
connect by a.supervisor_id = prior a.person_id
start with a.supervisor_id = 20530
and a.active= 'Y' ) hlist,
per_people_x p,
per_people_x s,
fnd_user u
where hlist.person_id = p.person_id
and   hlist.supervisor_id = s.person_id
and   hlist.person_id = u.employee_id
)
SELECT 18 order_by, batch_name, to_char(batch_date) batch_date, to_char(control_invoice_count) || a.payment_currency_code invoice_count,
       a.control_invoice_total, a.invoice_type_lookup_code,
       b.user_name created_by_user, a.creation_date,
       c.user_name last_updated_by_user, a.last_update_date, 
      'AP Invoice - Entry - Invoice Batches' reporting, '' meaning
  FROM ap.ap_batches_all a, applsys.fnd_user b, applsys.fnd_user c, aEmps
 WHERE a.created_by = b.user_id
   AND a.last_updated_by = c.user_id
   and aEmps.user_id = any(b.user_id, c.user_id)
   --AND (a.creation_date > sysdate - 10 or a.last_update_date > sysdate - 10)
	AND ((aEmps.user_id = b.user_id and a.creation_date >= to_date(:from_date, 'YYYY/MM/DD HH24:MI:SS') and a.creation_date < to_date(:to_date, 'YYYY/MM/DD HH24:MI:SS')+1)or (aEmps.user_id = c.user_id and a.last_update_date >= to_date(:from_date, 'YYYY/MM/DD HH24:MI:SS') and a.last_update_date < to_date(:to_date, 'YYYY/MM/DD HH24:MI:SS')+1))
   ]]> 
  </sqlStatement>
  <sqlStatement name="Q_AP_INVOICE_ENTRY">
	<![CDATA[ 
with aEmps as
(
select u.user_id, hlist.person_id, p.full_name, s.full_name supervisor_full_name
from 
(
select level, a.person_id, a.supervisor_id
from per_empdir_assignments a
connect by a.supervisor_id = prior a.person_id
start with a.supervisor_id = 20530
and a.active= 'Y' ) hlist,
per_people_x p,
per_people_x s,
fnd_user u
where hlist.person_id = p.person_id
and   hlist.supervisor_id = s.person_id
and   hlist.person_id = u.employee_id
)
SELECT 19 order_by, v.vendor_name, a.invoice_num, a.invoice_type_lookup_code ||'-'||a.invoice_currency_code invoice_info, 
       a.invoice_amount, to_char(a.invoice_date) invoice_date,
       b.user_name created_by_user, a.creation_date, 
       c.user_name last_updated_by_user, a.last_update_date, 
      'AP Invoice - Entry - Invoices' reporting, a.description meaning
  FROM ap_invoices_all a,
       po_vendors v, --apps.ap_suppliers v, -- ITSC R11R0228V36I01 R12 Migration  : Sajesh : 05-May-2011
       applsys.fnd_user b,
       applsys.fnd_user c, aEmps
 WHERE a.created_by = b.user_id
   AND a.last_updated_by = c.user_id
   AND v.vendor_id = a.vendor_id
   and aEmps.user_id = any(b.user_id, c.user_id)
   --AND (a.creation_date > sysdate - 10 or a.last_update_date > sysdate - 10)
	AND ((aEmps.user_id = b.user_id and a.creation_date >= to_date(:from_date, 'YYYY/MM/DD HH24:MI:SS') and a.creation_date < to_date(:to_date, 'YYYY/MM/DD HH24:MI:SS')+1)or (aEmps.user_id = c.user_id and a.last_update_date >= to_date(:from_date, 'YYYY/MM/DD HH24:MI:SS') and a.last_update_date < to_date(:to_date, 'YYYY/MM/DD HH24:MI:SS')+1))
   ]]> 
  </sqlStatement>  
  <sqlStatement name="Q_AP_INVOICE_EXPENSE_ENTRY">
	<![CDATA[ 
with aEmps as
(
select u.user_id, hlist.person_id, p.full_name, s.full_name supervisor_full_name
from 
(
select level, a.person_id, a.supervisor_id
from per_empdir_assignments a
connect by a.supervisor_id = prior a.person_id
start with a.supervisor_id = 20530
and a.active= 'Y' ) hlist,
per_people_x p,
per_people_x s,
fnd_user u
where hlist.person_id = p.person_id
and   hlist.supervisor_id = s.person_id
and   hlist.person_id = u.employee_id
)
SELECT 20 order_by, f.full_name, to_char(a.week_end_date) week_end_date, a.invoice_num||'-'||a.SOURCE expense_invoice_info, 
       a.total amount, to_char(a.vouchno) vouchno,
       b.user_name created_by_user, a.creation_date, 
       c.user_name last_updated_by_user, a.last_update_date,
      'AP Invoice - Entry - Expense Reports' reporting, a.description meaning
  FROM ap_expense_report_headers_all a,
       hr.per_all_people_f f,
       applsys.fnd_user b,
       applsys.fnd_user c, aEmps
 WHERE a.created_by = b.user_id
   AND a.last_updated_by = c.user_id
   AND f.person_id = a.employee_id
   AND f.effective_end_date = '31-DEC-4712'
   and aEmps.user_id = any(b.user_id, c.user_id)
   --AND (a.creation_date > sysdate - 10 or a.last_update_date > sysdate - 10)
	AND ((aEmps.user_id = b.user_id and a.creation_date >= to_date(:from_date, 'YYYY/MM/DD HH24:MI:SS') and a.creation_date < to_date(:to_date, 'YYYY/MM/DD HH24:MI:SS')+1)or (aEmps.user_id = c.user_id and a.last_update_date >= to_date(:from_date, 'YYYY/MM/DD HH24:MI:SS') and a.last_update_date < to_date(:to_date, 'YYYY/MM/DD HH24:MI:SS')+1))
   ]]> 
  </sqlStatement>  
  <sqlStatement name="Q_AP_INVOICE_RECURRING_ENTRY">
	<![CDATA[ 
with aEmps as
(
select u.user_id, hlist.person_id, p.full_name, s.full_name supervisor_full_name
from 
(
select level, a.person_id, a.supervisor_id
from per_empdir_assignments a
connect by a.supervisor_id = prior a.person_id
start with a.supervisor_id = 20530
and a.active= 'Y' ) hlist,
per_people_x p,
per_people_x s,
fnd_user u
where hlist.person_id = p.person_id
and   hlist.supervisor_id = s.person_id
and   hlist.person_id = u.employee_id
)
SELECT 21 order_by, v.vendor_name, recurring_pay_num, to_char(null) null_info,
       authorized_total, to_char(null) null_info1,
       b.user_name created_by_user, a.creation_date,
       c.user_name last_updated_by_user, a.last_update_date,
      'AP Invoice - Entry - Recurring Invoices' reporting, '' meaning
  FROM ap.ap_recurring_payments_all a,
       po_vendors v, --apps.ap_suppliers v, -- ITSC R11R0228V36I01 R12 Migration  : Sajesh : 05-May-2011
       applsys.fnd_user b,
       applsys.fnd_user c, aEmps
 WHERE a.created_by = b.user_id
   AND a.last_updated_by = c.user_id
   AND v.vendor_id = a.vendor_id
   and aEmps.user_id = any(b.user_id, c.user_id)
   --AND (a.creation_date > sysdate - 10 or a.last_update_date > sysdate - 10)
	AND ((aEmps.user_id = b.user_id and a.creation_date >= to_date(:from_date, 'YYYY/MM/DD HH24:MI:SS') and a.creation_date < to_date(:to_date, 'YYYY/MM/DD HH24:MI:SS')+1)or (aEmps.user_id = c.user_id and a.last_update_date >= to_date(:from_date, 'YYYY/MM/DD HH24:MI:SS') and a.last_update_date < to_date(:to_date, 'YYYY/MM/DD HH24:MI:SS')+1))
   ]]> 
  </sqlStatement>
  <sqlStatement name="Q_AP_PAYMENTS_BATCHES_ENTRY">
	<![CDATA[ 
with aEmps as
(
select u.user_id, hlist.person_id, p.full_name, s.full_name supervisor_full_name
from 
(
select level, a.person_id, a.supervisor_id
from per_empdir_assignments a
connect by a.supervisor_id = prior a.person_id
start with a.supervisor_id = 20530
and a.active= 'Y' ) hlist,
per_people_x p,
per_people_x s,
fnd_user u
where hlist.person_id = p.person_id
and   hlist.supervisor_id = s.person_id
and   hlist.person_id = u.employee_id
)
SELECT 22 order_by, a.checkrun_name, to_char(a.check_date) check_date, a.status,
        to_number(null) null_amount, a.bank_account_name,
       b.user_name created_by_user, a.creation_date,
       c.user_name last_updated_by_user, a.last_update_date,
      'AP Payments - Entry - Payment Batches' reporting, a.period_name
  FROM ap_inv_selection_criteria_all a,
       applsys.fnd_user b,
       applsys.fnd_user c, aEmps
 WHERE a.created_by = b.user_id
   AND a.last_updated_by = c.user_id
   and aEmps.user_id = any(b.user_id, c.user_id)
   --AND (a.creation_date > sysdate - 10 or a.last_update_date > sysdate - 10)
	AND ((aEmps.user_id = b.user_id and a.creation_date >= to_date(:from_date, 'YYYY/MM/DD HH24:MI:SS') and a.creation_date < to_date(:to_date, 'YYYY/MM/DD HH24:MI:SS')+1)or (aEmps.user_id = c.user_id and a.last_update_date >= to_date(:from_date, 'YYYY/MM/DD HH24:MI:SS') and a.last_update_date < to_date(:to_date, 'YYYY/MM/DD HH24:MI:SS')+1))
   ]]> 
  </sqlStatement>
  <sqlStatement name="Q_AP_PAYMENTS_ENTRY">
	<![CDATA[ 
with aEmps as
(
select u.user_id, hlist.person_id, p.full_name, s.full_name supervisor_full_name
from 
(
select level, a.person_id, a.supervisor_id
from per_empdir_assignments a
connect by a.supervisor_id = prior a.person_id
start with a.supervisor_id = 20530
and a.active= 'Y' ) hlist,
per_people_x p,
per_people_x s,
fnd_user u
where hlist.person_id = p.person_id
and   hlist.supervisor_id = s.person_id
and   hlist.person_id = u.employee_id
)
SELECT 23 order_by, bank_account_name, to_char(check_date) check_date, payment_method_lookup_code, 
       amount, to_char(check_number) check_number, 
       b.user_name created_by_user, a.creation_date,
       c.user_name last_updated_by_user, a.last_update_date,
      'AP Payments - Entry - Payments' reporting, a.vendor_name
  FROM ap.ap_checks_all a, applsys.fnd_user b, applsys.fnd_user c, aEmps
 WHERE a.created_by = b.user_id
   AND a.last_updated_by = c.user_id
   AND a.creation_date > TO_DATE ('10/01/2007', 'mm/dd/yyyy')
   and aEmps.user_id = any(b.user_id, c.user_id)
   --AND (a.creation_date > sysdate - 10 or a.last_update_date > sysdate - 10)
	AND ((aEmps.user_id = b.user_id and a.creation_date >= to_date(:from_date, 'YYYY/MM/DD HH24:MI:SS') and a.creation_date < to_date(:to_date, 'YYYY/MM/DD HH24:MI:SS')+1)or (aEmps.user_id = c.user_id and a.last_update_date >= to_date(:from_date, 'YYYY/MM/DD HH24:MI:SS') and a.last_update_date < to_date(:to_date, 'YYYY/MM/DD HH24:MI:SS')+1))
   ]]> 
  </sqlStatement>
  <sqlStatement name="Q_AP_PAYMENTS_BATCH_SET">
	<![CDATA[ 
with aEmps as
(
select u.user_id, hlist.person_id, p.full_name, s.full_name supervisor_full_name
from 
(
select level, a.person_id, a.supervisor_id
from per_empdir_assignments a
connect by a.supervisor_id = prior a.person_id
start with a.supervisor_id = 20530
and a.active= 'Y' ) hlist,
per_people_x p,
per_people_x s,
fnd_user u
where hlist.person_id = p.person_id
and   hlist.supervisor_id = s.person_id
and   hlist.person_id = u.employee_id
)
SELECT 24 order_by, batch_set_name, to_char(greatest(a.creation_date, a.last_update_date)) update_date,  to_char(a.org_id) org,
       to_number(null) null_amount, to_char(null) null_info,
       b.user_name created_by_user, a.creation_date,
       c.user_name last_updated_by_user, a.last_update_date,
      'AP Payments - Entry - Payment Batch Set' reporting, to_char(null) meaning
  FROM ap.ap_pbatch_sets_all a, applsys.fnd_user b, applsys.fnd_user c, aEmps
 WHERE a.created_by = b.user_id
   AND a.last_updated_by = c.user_id
   and aEmps.user_id = any(b.user_id, c.user_id)
   --AND (a.creation_date > sysdate - 10 or a.last_update_date > sysdate - 10)
	AND ((aEmps.user_id = b.user_id and a.creation_date >= to_date(:from_date, 'YYYY/MM/DD HH24:MI:SS') and a.creation_date < to_date(:to_date, 'YYYY/MM/DD HH24:MI:SS')+1)or (aEmps.user_id = c.user_id and a.last_update_date >= to_date(:from_date, 'YYYY/MM/DD HH24:MI:SS') and a.last_update_date < to_date(:to_date, 'YYYY/MM/DD HH24:MI:SS')+1))
   ]]> 
  </sqlStatement>
  <sqlStatement name="Q_AP_SUPPLIER_ENTRY">
	<![CDATA[ 
with aEmps as
(
select u.user_id, hlist.person_id, p.full_name, s.full_name supervisor_full_name
from 
(
select level, a.person_id, a.supervisor_id
from per_empdir_assignments a
connect by a.supervisor_id = prior a.person_id
start with a.supervisor_id = 20530
and a.active= 'Y' ) hlist,
per_people_x p,
per_people_x s,
fnd_user u
where hlist.person_id = p.person_id
and   hlist.supervisor_id = s.person_id
and   hlist.person_id = u.employee_id
)
SELECT 25 order_by, a.vendor_name, a.segment1 vendor_number, a.vendor_type_lookup_code,
       to_number(null) null_amount, a.payment_currency_code||'-'||a.payment_method_lookup_code payment_method_lookup_code,
       b.user_name created_by_user, a.creation_date,
       c.user_name last_updated_by_user, a.last_update_date,
      'AP Suppliers - Entry' reporting, to_char(null) meaning
  FROM ap_suppliers a, --apps.ap_suppliers a,  -- ITSC R11R0228V36I01 R12 Migration  : Sajesh : 05-May-2011
       applsys.fnd_user b, applsys.fnd_user c, aEmps
 WHERE a.created_by = b.user_id
   AND a.last_updated_by = c.user_id
   and aEmps.user_id = any(b.user_id, c.user_id)
   --AND (a.creation_date > sysdate - 10 or a.last_update_date > sysdate - 10)
	AND ((aEmps.user_id = b.user_id and a.creation_date >= to_date(:from_date, 'YYYY/MM/DD HH24:MI:SS') and a.creation_date < to_date(:to_date, 'YYYY/MM/DD HH24:MI:SS')+1)or (aEmps.user_id = c.user_id and a.last_update_date >= to_date(:from_date, 'YYYY/MM/DD HH24:MI:SS') and a.last_update_date < to_date(:to_date, 'YYYY/MM/DD HH24:MI:SS')+1))
   ]]> 
  </sqlStatement>
  <sqlStatement name="Q_HR_PEOPLE_MAINTAIN">
	<![CDATA[ 
with aEmps as
(
select u.user_id, hlist.person_id, p.full_name, s.full_name supervisor_full_name
from 
(
select level, a.person_id, a.supervisor_id
from per_empdir_assignments a
connect by a.supervisor_id = prior a.person_id
start with a.supervisor_id = 20530
and a.active= 'Y' ) hlist,
per_people_x p,
per_people_x s,
fnd_user u
where hlist.person_id = p.person_id
and   hlist.supervisor_id = s.person_id
and   hlist.person_id = u.employee_id
)
SELECT DISTINCT 29 order_by, a.full_name, a.employee_number, to_char(null) null_status,
      to_number(null) null_amount, to_char(null) null_info,
      b.user_name created_by_user, a.creation_date, 
      c.user_name last_updated_by_user, a.last_update_date,
      'HR People - Enter and Maintain' reporting, to_char(null) meaning
 FROM hr.per_all_people_f a, applsys.fnd_user b, applsys.fnd_user c, aEmps
WHERE a.created_by = b.user_id
  AND a.last_updated_by = c.user_id
   and aEmps.user_id = any(b.user_id, c.user_id)
   --AND (a.creation_date > sysdate - 10 or a.last_update_date > sysdate - 10)
	AND (aEmps.user_id = b.user_id and a.creation_date >= to_date(:from_date, 'YYYY/MM/DD HH24:MI:SS') and a.creation_date < to_date(:to_date, 'YYYY/MM/DD HH24:MI:SS')+1)
   ]]> 
  </sqlStatement>
  <sqlStatement name="Q_HR_COMPENSATION_BENEFITS_EARNINGS">
	<![CDATA[ 
with aEmps as
(
select u.user_id, hlist.person_id, p.full_name, s.full_name supervisor_full_name
from 
(
select level, a.person_id, a.supervisor_id
from per_empdir_assignments a
connect by a.supervisor_id = prior a.person_id
start with a.supervisor_id = 20530
and a.active= 'Y' ) hlist,
per_people_x p,
per_people_x s,
fnd_user u
where hlist.person_id = p.person_id
and   hlist.supervisor_id = s.person_id
and   hlist.person_id = u.employee_id
)
SELECT 30 order_by, a.element_name, a.reporting_name, to_char(null) null_info,
       to_number(null) null_amount, a.description,
       b.user_name created_by_user, a.creation_date, 
       c.user_name last_updated_by_user, a.last_update_date,
      'HR Compensation - Benefits - Earnings' reporting, to_char(null) meaning
FROM pay_element_types_f a, applsys.fnd_user b, applsys.fnd_user c, aEmps
WHERE a.created_by = b.user_id
 AND a.last_updated_by = c.user_id
   and aEmps.user_id = any(b.user_id, c.user_id)
   --AND (a.creation_date > sysdate - 10 or a.last_update_date > sysdate - 10)
	AND ((aEmps.user_id = b.user_id and a.creation_date >= to_date(:from_date, 'YYYY/MM/DD HH24:MI:SS') and a.creation_date < to_date(:to_date, 'YYYY/MM/DD HH24:MI:SS')+1)or (aEmps.user_id = c.user_id and a.last_update_date >= to_date(:from_date, 'YYYY/MM/DD HH24:MI:SS') and a.last_update_date < to_date(:to_date, 'YYYY/MM/DD HH24:MI:SS')+1))
   ]]> 
  </sqlStatement>
  <sqlStatement name="Q_PAY_PROPOSAL">
	<![CDATA[ 
with aEmps as
(
select u.user_id, hlist.person_id, p.full_name, s.full_name supervisor_full_name
from 
(
select level, a.person_id, a.supervisor_id
from per_empdir_assignments a
connect by a.supervisor_id = prior a.person_id
start with a.supervisor_id = 20530
and a.active= 'Y' ) hlist,
per_people_x p,
per_people_x s,
fnd_user u
where hlist.person_id = p.person_id
and   hlist.supervisor_id = s.person_id
and   hlist.person_id = u.employee_id
)
select 31 order_by, pp.full_name employee, a.proposal_reason, to_char(greatest(a.creation_date, a.last_update_date)) recent_change_date, a.approved,
       to_number(null) null_amount, pa.assignment_number,
       b.user_name created_by_user, a.creation_date, 
       c.user_name last_updated_by_user, a.last_update_date,
      'Pay Proposals' reporting, 'Change Date ' || to_char(a.change_date) meaning
from per_pay_proposals a, per_assignments_x pa, per_people_x pp, applsys.fnd_user b, applsys.fnd_user c, aEmps
WHERE a.created_by = b.user_id
 AND a.last_updated_by = c.user_id
 and   a.assignment_id = pa.assignment_id
 and   pa.person_id = pp.person_id
 and aEmps.user_id = any(b.user_id, c.user_id)
 --AND (a.creation_date > sysdate - 10 or a.last_update_date > sysdate - 10)
 AND ((aEmps.user_id = b.user_id and a.creation_date >= to_date(:from_date, 'YYYY/MM/DD HH24:MI:SS') and a.creation_date < to_date(:to_date, 'YYYY/MM/DD HH24:MI:SS')+1)or (aEmps.user_id = c.user_id and a.last_update_date >= to_date(:from_date, 'YYYY/MM/DD HH24:MI:SS') and a.last_update_date < to_date(:to_date, 'YYYY/MM/DD HH24:MI:SS')+1))
   ]]> 
  </sqlStatement>
  <sqlStatement name="Q_SALES_ORDER_HEADER">
	<![CDATA[ 
with aEmps as
(
select u.user_id, hlist.person_id, p.full_name, s.full_name supervisor_full_name
from 
(
select level, a.person_id, a.supervisor_id
from per_empdir_assignments a
connect by a.supervisor_id = prior a.person_id
start with a.supervisor_id = 20530
and a.active= 'Y' ) hlist,
per_people_x p,
per_people_x s,
fnd_user u
where hlist.person_id = p.person_id
and   hlist.supervisor_id = s.person_id
and   hlist.person_id = u.employee_id
)
SELECT 32 order_by, to_char(a.order_number) order_number, to_char(a.ordered_date) ordered_date, a.cust_po_number Po_number, 
       to_number(null) null_amount, to_char(a.org_id) org_id, 
       b.user_name created_by_user, a.creation_date,
       c.user_name last_updated_by_user, a.last_update_date,
      'Sales Order Header' reporting, decode(a.cancelled_flag,'Y', 'Cancelled ','') ||decode(a.open_flag,'Y', 'Open ','Closed ') ||decode(a.booked_flag,'Y', 'Booked','Not Booked') meaning
 from oe_order_headers_all a, applsys.fnd_user b, applsys.fnd_user c, aEmps
WHERE a.created_by = b.user_id
  AND a.last_updated_by = c.user_id
  and aEmps.user_id = any(b.user_id, c.user_id)
   --AND (a.creation_date > sysdate - 10 or a.last_update_date > sysdate - 10)
	AND ((aEmps.user_id = b.user_id and a.creation_date >= to_date(:from_date, 'YYYY/MM/DD HH24:MI:SS') and a.creation_date < to_date(:to_date, 'YYYY/MM/DD HH24:MI:SS')+1)or (aEmps.user_id = c.user_id and a.last_update_date >= to_date(:from_date, 'YYYY/MM/DD HH24:MI:SS') and a.last_update_date < to_date(:to_date, 'YYYY/MM/DD HH24:MI:SS')+1))
   ]]> 
  </sqlStatement>
  <sqlStatement name="Q_SALES_ORDER_LINE">
	<![CDATA[ 
with aEmps as
(
select u.user_id, hlist.person_id, p.full_name, s.full_name supervisor_full_name
from 
(
select level, a.person_id, a.supervisor_id
from per_empdir_assignments a
connect by a.supervisor_id = prior a.person_id
start with a.supervisor_id = 20530
and a.active= 'Y' ) hlist,
per_people_x p,
per_people_x s,
fnd_user u
where hlist.person_id = p.person_id
and   hlist.supervisor_id = s.person_id
and   hlist.person_id = u.employee_id
)
SELECT 33 order_by, (select to_char(h.order_number) from oe_order_headers_all h where h.header_id = a.header_id) order_number, to_char(a.request_date) request_date, to_char(a.line_number) || ' ' || a.ordered_item line_and_item, 
       to_number(a.pricing_quantity * a.unit_selling_price) amount, to_char(a.org_id) org_id, 
       b.user_name created_by_user, a.creation_date,
       c.user_name last_updated_by_user, a.last_update_date,
      'Sales Order Line' reporting, a.flow_status_code || ' ' ||decode(a.booked_flag,'Y', 'Booked','Not Booked') meaning
 from oe_order_lines_all a, applsys.fnd_user b, applsys.fnd_user c, aEmps
WHERE a.created_by = b.user_id
  AND a.last_updated_by = c.user_id
  and aEmps.user_id = any(b.user_id, c.user_id)
   --AND (a.creation_date > sysdate - 10 or a.last_update_date > sysdate - 10)
	AND ((aEmps.user_id = b.user_id and a.creation_date >= to_date(:from_date, 'YYYY/MM/DD HH24:MI:SS') and a.creation_date < to_date(:to_date, 'YYYY/MM/DD HH24:MI:SS')+1)or (aEmps.user_id = c.user_id and a.last_update_date >= to_date(:from_date, 'YYYY/MM/DD HH24:MI:SS') and a.last_update_date < to_date(:to_date, 'YYYY/MM/DD HH24:MI:SS')+1))
   ]]> 
  </sqlStatement>
  <sqlStatement name="Q_PHYSICAL_INVENTORY_ADJUSTMENT">
	<![CDATA[ 
	with aEmps as
	(
	select u.user_id, hlist.person_id, p.full_name, s.full_name supervisor_full_name
	from 
	(
	select level, a.person_id, a.supervisor_id
	from per_empdir_assignments a
	connect by a.supervisor_id = prior a.person_id
	start with a.supervisor_id = 20530
	and a.active= 'Y' ) hlist,
	per_people_x p,
	per_people_x s,
	fnd_user u
	where hlist.person_id = p.person_id
	and   hlist.supervisor_id = s.person_id
	and   hlist.person_id = u.employee_id
	)
	SELECT 34 order_by, to_char(a.adjustment_id) Adjustment_id, to_char(greatest(a.creation_date, a.last_update_date)) recent_date, msi.segment1 item, 
		   to_number(a.adjustment_quantity) adjustment, to_char(a.system_quantity) system_quantity, 
		   b.user_name created_by_user, a.creation_date,
		   c.user_name last_updated_by_user, a.last_update_date,
		  'Physical Inventory Adjustment' reporting, a.subinventory_name meaning
	from MTL_PHYSICAL_ADJUSTMENTS a, mtl_system_items_b msi, applsys.fnd_user b, applsys.fnd_user c, aEmps
	WHERE a.created_by = b.user_id
	  AND a.last_updated_by = c.user_id
	  and a.organization_id = msi.organization_id
	  and a.inventory_item_id = msi.inventory_item_id
	  and a.adjustment_quantity != 0
	  and aEmps.user_id = any(b.user_id, c.user_id)
	   --AND (a.creation_date > sysdate - 10 or a.last_update_date > sysdate - 10)
		AND ((aEmps.user_id = b.user_id and a.creation_date >= to_date(:from_date, 'YYYY/MM/DD HH24:MI:SS') and a.creation_date < to_date(:to_date, 'YYYY/MM/DD HH24:MI:SS')+1)or (aEmps.user_id = c.user_id and a.last_update_date >= to_date(:from_date, 'YYYY/MM/DD HH24:MI:SS') and a.last_update_date < to_date(:to_date, 'YYYY/MM/DD HH24:MI:SS')+1))
   ]]> 
  </sqlStatement>
</dataQuery>
- <dataStructure>
- <group name="G_AR_ADJUSTMENTS" source="Q_AR_ADJUSTMENTS">
  <element name="ORDER_BY" value="ORDER_BY" /> 
  <element name="TRANSACTION" value="TRANSACTION" /> 
  <element name="TRX_INFO" value="TRX_INFO" /> 
  <element name="STATUS" value="STATUS" /> 
  <element name="AMOUNT" value="AMOUNT" /> 
  <element name="ADJUSTMENT_TYPE" value="ADJUSTMENT_TYPE" /> 
  <element name="CREATED_BY_USER" value="CREATED_BY_USER" /> 
  <element name="CREATION_DATE" value="CREATION_DATE" />   
  <element name="LAST_UPDATED_BY_USER" value="LAST_UPDATED_BY_USER" /> 
  <element name="LAST_UPDATE_DATE" value="LAST_UPDATE_DATE" />   
  <element name="REPORTING" value="REPORTING" />   
  <element name="MEANING" value="MEANING" />   
  </group>
- <group name="G_AR_BATCHES" source="Q_AR_BATCHES">
  <element name="ORDER_BY" value="ORDER_BY" /> 
  <element name="PAYMENT_BATCH" value="PAYMENT_BATCH" /> 
  <element name="BATCH_DATE" value="BATCH_DATE" /> 
  <element name="BATCH_STATUS" value="BATCH_STATUS" /> 
  <element name="CONTROL_AMOUNT" value="CONTROL_AMOUNT" /> 
  <element name="LOCKBOX_BATCH_NAME" value="LOCKBOX_BATCH_NAME" /> 
  <element name="CREATED_BY_USER" value="CREATED_BY_USER" /> 
  <element name="CREATION_DATE" value="CREATION_DATE" />   
  <element name="LAST_UPDATED_BY_USER" value="LAST_UPDATED_BY_USER" /> 
  <element name="LAST_UPDATE_DATE" value="LAST_UPDATE_DATE" />   
  <element name="REPORTING" value="REPORTING" />   
  <element name="MEANING" value="MEANING" />   
  </group>
- <group name="G_AR_DISTRIBUTIONS" source="Q_AR_DISTRIBUTIONS">
  <element name="ORDER_BY" value="ORDER_BY" /> 
  <element name="SOURCE_TYPE" value="SOURCE_TYPE" /> 
  <element name="DISTRIBUTION_DATE" value="DISTRIBUTION_DATE" /> 
  <element name="NULL_STATUS" value="NULL_STATUS" /> 
  <element name="JE_CR_DB_AMOUNT" value="JE_CR_DB_AMOUNT" /> 
  <element name="DEBIT_CREDIT" value="DEBIT_CREDIT" /> 
  <element name="CREATED_BY_USER" value="CREATED_BY_USER" /> 
  <element name="CREATION_DATE" value="CREATION_DATE" />   
  <element name="LAST_UPDATED_BY_USER" value="LAST_UPDATED_BY_USER" /> 
  <element name="LAST_UPDATE_DATE" value="LAST_UPDATE_DATE" />   
  <element name="REPORTING" value="REPORTING" />   
  <element name="MEANING" value="MEANING" />   
  </group>
- <group name="G_AR_CASH_RECEIPTS" source="Q_AR_CASH_RECEIPTS">
  <element name="ORDER_BY" value="ORDER_BY" /> 
  <element name="RECEIPT_NUMBER" value="RECEIPT_NUMBER" /> 
  <element name="RECEIPT_DATE" value="RECEIPT_DATE" /> 
  <element name="STATUS" value="STATUS" /> 
  <element name="AMOUNT" value="AMOUNT" /> 
  <element name="COMMENTS" value="COMMENTS" /> 
  <element name="CREATED_BY_USER" value="CREATED_BY_USER" /> 
  <element name="CREATION_DATE" value="CREATION_DATE" />   
  <element name="LAST_UPDATED_BY_USER" value="LAST_UPDATED_BY_USER" /> 
  <element name="LAST_UPDATE_DATE" value="LAST_UPDATE_DATE" />   
  <element name="REPORTING" value="REPORTING" />   
  <element name="MEANING" value="MEANING" />   
  </group>
- <group name="G_AR_CUSTOMER_ENTRY" source="Q_AR_CUSTOMER_ENTRY">
  <element name="ORDER_BY" value="ORDER_BY" /> 
  <element name="CUSTOMER_NUMBER" value="CUSTOMER_NUMBER" /> 
  <element name="CUSTOMER_NAME" value="CUSTOMER_NAME" /> 
  <element name="STATUS" value="STATUS" /> 
  <element name="NULL_AMOUNT" value="NULL_AMOUNT" /> 
  <element name="CUSTOMER_TYPE" value="CUSTOMER_TYPE" /> 
  <element name="CREATED_BY_USER" value="CREATED_BY_USER" /> 
  <element name="CREATION_DATE" value="CREATION_DATE" />   
  <element name="LAST_UPDATED_BY_USER" value="LAST_UPDATED_BY_USER" /> 
  <element name="LAST_UPDATE_DATE" value="LAST_UPDATE_DATE" />   
  <element name="REPORTING" value="REPORTING" />   
  <element name="MEANING" value="MEANING" />   
  </group>
- <group name="G_GL_JOURNALS_ENTER" source="Q_GL_JOURNALS_ENTER">
  <element name="ORDER_BY" value="ORDER_BY" /> 
  <element name="JOURNAL_HEADER_NAME" value="JOURNAL_HEADER_NAME" /> 
  <element name="PERIOD_NAME" value="PERIOD_NAME" /> 
  <element name="STATUS" value="STATUS" /> 
  <element name="AMOUNT" value="AMOUNT" /> 
  <element name="POSTED_DATE" value="POSTED_DATE" /> 
  <element name="CREATED_BY_USER" value="CREATED_BY_USER" /> 
  <element name="CREATION_DATE" value="CREATION_DATE" />   
  <element name="LAST_UPDATED_BY_USER" value="LAST_UPDATED_BY_USER" /> 
  <element name="LAST_UPDATE_DATE" value="LAST_UPDATE_DATE" />   
  <element name="REPORTING" value="REPORTING" />   
  <element name="MEANING" value="MEANING" />   
  </group>
- <group name="G_GL_JOURNALS_POST" source="Q_GL_JOURNALS_POST">
  <element name="ORDER_BY" value="ORDER_BY" /> 
  <element name="BATCH_NAME" value="BATCH_NAME" /> 
  <element name="PERIOD_NAME" value="PERIOD_NAME" /> 
  <element name="POSTED_DATE" value="POSTED_DATE" /> 
  <element name="AMOUNT" value="AMOUNT" /> 
  <element name="REQUEST_ID" value="REQUEST_ID" /> 
  <element name="CREATED_BY_USER" value="CREATED_BY_USER" /> 
  <element name="CREATION_DATE" value="CREATION_DATE" />   
  <element name="LAST_UPDATED_BY_USER" value="LAST_UPDATED_BY_USER" /> 
  <element name="LAST_UPDATE_DATE" value="LAST_UPDATE_DATE" />   
  <element name="REPORTING" value="REPORTING" />   
  <element name="MEANING" value="MEANING" />   
  </group>
- <group name="G_GL_JOURNAL_IMPORT" source="Q_GL_JOURNAL_IMPORT">
  <element name="ORDER_BY" value="ORDER_BY" /> 
  <element name="IMPORT_PROGRAM" value="IMPORT_PROGRAM" /> 
  <element name="RUN_DURATION" value="RUN_DURATION" /> 
  <element name="REQUEST_STATUS" value="REQUEST_STATUS" /> 
  <element name="NULL_AMOUNT" value="NULL_AMOUNT" /> 
  <element name="ARGUMENT_TEXT" value="ARGUMENT_TEXT" /> 
  <element name="CREATED_BY_USER" value="CREATED_BY_USER" /> 
  <element name="CREATION_DATE" value="CREATION_DATE" />   
  <element name="LAST_UPDATED_BY_USER" value="LAST_UPDATED_BY_USER" /> 
  <element name="LAST_UPDATE_DATE" value="LAST_UPDATE_DATE" />   
  <element name="REPORTING" value="REPORTING" />   
  <element name="MEANING" value="MEANING" />   
  </group>
- <group name="G_GL_JOURNALS_DEFINE_RECURRING" source="Q_GL_JOURNALS_DEFINE_RECURRING">
  <element name="ORDER_BY" value="ORDER_BY" /> 
  <element name="RECURRING_BATCH_NAME" value="RECURRING_BATCH_NAME" /> 
  <element name="RECENT_CHANGE_DATE" value="RECENT_CHANGE_DATE" /> 
  <element name="BUDGET_FLAG" value="BUDGET_FLAG" /> 
  <element name="NULL_AMOUNT" value="NULL_AMOUNT" /> 
  <element name="DESCRIPTION" value="DESCRIPTION" /> 
  <element name="CREATED_BY_USER" value="CREATED_BY_USER" /> 
  <element name="CREATION_DATE" value="CREATION_DATE" />   
  <element name="LAST_UPDATED_BY_USER" value="LAST_UPDATED_BY_USER" /> 
  <element name="LAST_UPDATE_DATE" value="LAST_UPDATE_DATE" />   
  <element name="REPORTING" value="REPORTING" />   
  <element name="MEANING" value="MEANING" />   
  </group>
- <group name="G_GL_BUDGETS_DEFINE" source="Q_GL_BUDGETS_DEFINE">
  <element name="ORDER_BY" value="ORDER_BY" /> 
  <element name="BUDGET_NAME" value="BUDGET_NAME" /> 
  <element name="RECENT_CHANGE_DATE" value="RECENT_CHANGE_DATE" /> 
  <element name="STATUS" value="STATUS" /> 
  <element name="NULL_AMOUNT" value="NULL_AMOUNT" /> 
  <element name="DESCRIPTION" value="DESCRIPTION" /> 
  <element name="CREATED_BY_USER" value="CREATED_BY_USER" /> 
  <element name="CREATION_DATE" value="CREATION_DATE" />   
  <element name="LAST_UPDATED_BY_USER" value="LAST_UPDATED_BY_USER" /> 
  <element name="LAST_UPDATE_DATE" value="LAST_UPDATE_DATE" />   
  <element name="REPORTING" value="REPORTING" />   
  <element name="MEANING" value="MEANING" />   
  </group>
- <group name="G_GL_BUDGETS_ENTER" source="Q_GL_BUDGETS_ENTER">
  <element name="ORDER_BY" value="ORDER_BY" /> 
  <element name="BUDGET_ENTITY_NAME" value="BUDGET_ENTITY_NAME" /> 
  <element name="RECENT_CHANGE_DATE" value="RECENT_CHANGE_DATE" /> 
  <element name="CURRENCY_CODE" value="CURRENCY_CODE" /> 
  <element name="NULL_AMOUNT" value="NULL_AMOUNT" /> 
  <element name="CONCATENATED_SEGMENTS" value="CONCATENATED_SEGMENTS" /> 
  <element name="CREATED_BY_USER" value="CREATED_BY_USER" /> 
  <element name="CREATION_DATE" value="CREATION_DATE" />   
  <element name="LAST_UPDATED_BY_USER" value="LAST_UPDATED_BY_USER" /> 
  <element name="LAST_UPDATE_DATE" value="LAST_UPDATE_DATE" />   
  <element name="REPORTING" value="REPORTING" />   
  <element name="MEANING" value="MEANING" />
  </group>
- <group name="G_CURRENCY_REVALUATION" source="Q_CURRENCY_REVALUATION">
  <element name="ORDER_BY" value="ORDER_BY" /> 
  <element name="REVLUATION_PROGRAM" value="REVLUATION_PROGRAM" /> 
  <element name="RUN_DURATION" value="RUN_DURATION" /> 
  <element name="REQUEST_STATUS" value="REQUEST_STATUS" /> 
  <element name="NULL_AMOUNT" value="NULL_AMOUNT" /> 
  <element name="ARGUMENT_TEXT" value="ARGUMENT_TEXT" /> 
  <element name="CREATED_BY_USER" value="CREATED_BY_USER" /> 
  <element name="CREATION_DATE" value="CREATION_DATE" />   
  <element name="LAST_UPDATED_BY_USER" value="LAST_UPDATED_BY_USER" /> 
  <element name="LAST_UPDATE_DATE" value="LAST_UPDATE_DATE" />   
  <element name="REPORTING" value="REPORTING" />   
  <element name="MEANING" value="MEANING" />
  </group>
- <group name="G_CURRENCY_TRANSLATION" source="Q_CURRENCY_TRANSLATION">
  <element name="ORDER_BY" value="ORDER_BY" /> 
  <element name="TRANSLATION_PROGRAM" value="TRANSLATION_PROGRAM" /> 
  <element name="RUN_DURATION" value="RUN_DURATION" /> 
  <element name="REQUEST_STATUS" value="REQUEST_STATUS" /> 
  <element name="NULL_AMOUNT" value="NULL_AMOUNT" /> 
  <element name="ARGUMENT_TEXT" value="ARGUMENT_TEXT" /> 
  <element name="CREATED_BY_USER" value="CREATED_BY_USER" /> 
  <element name="CREATION_DATE" value="CREATION_DATE" />   
  <element name="LAST_UPDATED_BY_USER" value="LAST_UPDATED_BY_USER" /> 
  <element name="LAST_UPDATE_DATE" value="LAST_UPDATE_DATE" />   
  <element name="REPORTING" value="REPORTING" />   
  <element name="MEANING" value="MEANING" />
  </group>
- <group name="G_CONSOLIDATION_DEFINE" source="Q_CONSOLIDATION_DEFINE">
  <element name="ORDER_BY" value="ORDER_BY" /> 
  <element name="CONSOLIDATION_NAME" value="CONSOLIDATION_NAME" /> 
  <element name="RECENT_CHANGE_DATE" value="RECENT_CHANGE_DATE" /> 
  <element name="FROM_CURRENCY_CODE" value="FROM_CURRENCY_CODE" /> 
  <element name="NULL_AMOUNT" value="NULL_AMOUNT" /> 
  <element name="DESCRIPTION" value="DESCRIPTION" /> 
  <element name="CREATED_BY_USER" value="CREATED_BY_USER" /> 
  <element name="CREATION_DATE" value="CREATION_DATE" />   
  <element name="LAST_UPDATED_BY_USER" value="LAST_UPDATED_BY_USER" /> 
  <element name="LAST_UPDATE_DATE" value="LAST_UPDATE_DATE" />   
  <element name="REPORTING" value="REPORTING" />   
  <element name="MEANING" value="MEANING" />
  </group>
- <group name="G_POST_MASS_ADDITIONS" source="Q_POST_MASS_ADDITIONS">
  <element name="ORDER_BY" value="ORDER_BY" /> 
  <element name="FA_ADDITIONS" value="FA_ADDITIONS" /> 
  <element name="RUN_DURATION" value="RUN_DURATION" /> 
  <element name="REQUEST_STATUS" value="REQUEST_STATUS" /> 
  <element name="NULL_AMOUNT" value="NULL_AMOUNT" /> 
  <element name="ARGUMENT_TEXT" value="ARGUMENT_TEXT" /> 
  <element name="CREATED_BY_USER" value="CREATED_BY_USER" /> 
  <element name="CREATION_DATE" value="CREATION_DATE" />   
  <element name="LAST_UPDATED_BY_USER" value="LAST_UPDATED_BY_USER" /> 
  <element name="LAST_UPDATE_DATE" value="LAST_UPDATE_DATE" />   
  <element name="REPORTING" value="REPORTING" />   
  <element name="MEANING" value="MEANING" />
  </group>
- <group name="G_FA_RETIREMENTS" source="Q_FA_RETIREMENTS">
  <element name="ORDER_BY" value="ORDER_BY" /> 
  <element name="FA_RETIREMENTS" value="FA_RETIREMENTS" /> 
  <element name="RUN_DURATION" value="RUN_DURATION" /> 
  <element name="REQUEST_STATUS" value="REQUEST_STATUS" /> 
  <element name="NULL_AMOUNT" value="NULL_AMOUNT" /> 
  <element name="ARGUMENT_TEXT" value="ARGUMENT_TEXT" /> 
  <element name="CREATED_BY_USER" value="CREATED_BY_USER" /> 
  <element name="CREATION_DATE" value="CREATION_DATE" />   
  <element name="LAST_UPDATED_BY_USER" value="LAST_UPDATED_BY_USER" /> 
  <element name="LAST_UPDATE_DATE" value="LAST_UPDATE_DATE" />   
  <element name="REPORTING" value="REPORTING" />   
  <element name="MEANING" value="MEANING" />
  </group>
- <group name="G_DEPRECIATION_RUN" source="Q_DEPRECIATION_RUN">
  <element name="ORDER_BY" value="ORDER_BY" /> 
  <element name="DEPRECIATION_RUN" value="DEPRECIATION_RUN" /> 
  <element name="RUN_DURATION" value="RUN_DURATION" /> 
  <element name="REQUEST_STATUS" value="REQUEST_STATUS" /> 
  <element name="NULL_AMOUNT" value="NULL_AMOUNT" /> 
  <element name="ARGUMENT_TEXT" value="ARGUMENT_TEXT" /> 
  <element name="CREATED_BY_USER" value="CREATED_BY_USER" /> 
  <element name="CREATION_DATE" value="CREATION_DATE" />   
  <element name="LAST_UPDATED_BY_USER" value="LAST_UPDATED_BY_USER" /> 
  <element name="LAST_UPDATE_DATE" value="LAST_UPDATE_DATE" />   
  <element name="REPORTING" value="REPORTING" />   
  <element name="MEANING" value="MEANING" />
  </group>
- <group name="G_FA_JOURNALS_RUN" source="Q_FA_JOURNALS_RUN">
  <element name="ORDER_BY" value="ORDER_BY" /> 
  <element name="fa_journals_run" value="fa_journals_run" /> 
  <element name="RUN_DURATION" value="RUN_DURATION" /> 
  <element name="REQUEST_STATUS" value="REQUEST_STATUS" /> 
  <element name="NULL_AMOUNT" value="NULL_AMOUNT" /> 
  <element name="ARGUMENT_TEXT" value="ARGUMENT_TEXT" /> 
  <element name="CREATED_BY_USER" value="CREATED_BY_USER" /> 
  <element name="CREATION_DATE" value="CREATION_DATE" />   
  <element name="LAST_UPDATED_BY_USER" value="LAST_UPDATED_BY_USER" /> 
  <element name="LAST_UPDATE_DATE" value="LAST_UPDATE_DATE" />   
  <element name="REPORTING" value="REPORTING" />   
  <element name="MEANING" value="MEANING" />
  </group>
- <group name="G_AP_INVOICE_BATCHES" source="Q_AP_INVOICE_BATCHES">
  <element name="ORDER_BY" value="ORDER_BY" /> 
  <element name="BATCH_NAME" value="BATCH_NAME" /> 
  <element name="BATCH_DATE" value="BATCH_DATE" /> 
  <element name="INVOICE_COUNT" value="INVOICE_COUNT" /> 
  <element name="CONTROL_INVOICE_TOTAL" value="CONTROL_INVOICE_TOTAL" /> 
  <element name="INVOICE_TYPE_LOOKUP_CODE" value="INVOICE_TYPE_LOOKUP_CODE" /> 
  <element name="CREATED_BY_USER" value="CREATED_BY_USER" /> 
  <element name="CREATION_DATE" value="CREATION_DATE" />   
  <element name="LAST_UPDATED_BY_USER" value="LAST_UPDATED_BY_USER" /> 
  <element name="LAST_UPDATE_DATE" value="LAST_UPDATE_DATE" />   
  <element name="REPORTING" value="REPORTING" />   
  <element name="MEANING" value="MEANING" />
  </group>
- <group name="G_AP_INVOICE_ENTRY" source="Q_AP_INVOICE_ENTRY">
  <element name="ORDER_BY" value="ORDER_BY" /> 
  <element name="VENDOR_NAME" value="VENDOR_NAME" /> 
  <element name="INVOICE_NUM" value="INVOICE_NUM" /> 
  <element name="INVOICE_INFO" value="INVOICE_INFO" /> 
  <element name="INVOICE_AMOUNT" value="INVOICE_AMOUNT" /> 
  <element name="INVOICE_DATE" value="INVOICE_DATE" /> 
  <element name="CREATED_BY_USER" value="CREATED_BY_USER" /> 
  <element name="CREATION_DATE" value="CREATION_DATE" />   
  <element name="LAST_UPDATED_BY_USER" value="LAST_UPDATED_BY_USER" /> 
  <element name="LAST_UPDATE_DATE" value="LAST_UPDATE_DATE" />   
  <element name="REPORTING" value="REPORTING" />   
  <element name="MEANING" value="MEANING" />
  </group>
- <group name="G_AP_INVOICE_EXPENSE_ENTRY" source="Q_AP_INVOICE_EXPENSE_ENTRY">
  <element name="ORDER_BY" value="ORDER_BY" /> 
  <element name="FULL_NAME" value="FULL_NAME" /> 
  <element name="WEEK_END_DATE" value="WEEK_END_DATE" /> 
  <element name="EXPENSE_INVOICE_INFO" value="EXPENSE_INVOICE_INFO" /> 
  <element name="AMOUNT" value="AMOUNT" /> 
  <element name="VOUCHNO" value="VOUCHNO" /> 
  <element name="CREATED_BY_USER" value="CREATED_BY_USER" /> 
  <element name="CREATION_DATE" value="CREATION_DATE" />   
  <element name="LAST_UPDATED_BY_USER" value="LAST_UPDATED_BY_USER" /> 
  <element name="LAST_UPDATE_DATE" value="LAST_UPDATE_DATE" />   
  <element name="REPORTING" value="REPORTING" />   
  <element name="MEANING" value="MEANING" />
  </group>
- <group name="G_AP_INVOICE_RECURRING_ENTRY" source="Q_AP_INVOICE_RECURRING_ENTRY">
  <element name="ORDER_BY" value="ORDER_BY" /> 
  <element name="VENDOR_NAME" value="VENDOR_NAME" /> 
  <element name="RECURRING_PAY_NUM" value="RECURRING_PAY_NUM" /> 
  <element name="NULL_INFO" value="NULL_INFO" /> 
  <element name="AUTHORIZED_TOTAL" value="AUTHORIZED_TOTAL" /> 
  <element name="NULL_INFO1" value="NULL_INFO1" /> 
  <element name="CREATED_BY_USER" value="CREATED_BY_USER" /> 
  <element name="CREATION_DATE" value="CREATION_DATE" />   
  <element name="LAST_UPDATED_BY_USER" value="LAST_UPDATED_BY_USER" /> 
  <element name="LAST_UPDATE_DATE" value="LAST_UPDATE_DATE" />   
  <element name="REPORTING" value="REPORTING" />   
  <element name="MEANING" value="MEANING" />
  </group>
- <group name="G_AP_PAYMENTS_BATCHES_ENTRY" source="Q_AP_PAYMENTS_BATCHES_ENTRY">
  <element name="ORDER_BY" value="ORDER_BY" /> 
  <element name="CHECKRUN_NAME" value="CHECKRUN_NAME" /> 
  <element name="CHECK_DATE" value="CHECK_DATE" /> 
  <element name="STATUS" value="STATUS" /> 
  <element name="NULL_AMOUNT" value="NULL_AMOUNT" /> 
  <element name="BANK_ACCOUNT_NAME" value="BANK_ACCOUNT_NAME" /> 
  <element name="CREATED_BY_USER" value="CREATED_BY_USER" /> 
  <element name="CREATION_DATE" value="CREATION_DATE" />   
  <element name="LAST_UPDATED_BY_USER" value="LAST_UPDATED_BY_USER" /> 
  <element name="LAST_UPDATE_DATE" value="LAST_UPDATE_DATE" />   
  <element name="REPORTING" value="REPORTING" />   
  <element name="PERIOD_NAME" value="PERIOD_NAME" />
  </group>
- <group name="G_AP_PAYMENTS_ENTRY" source="Q_AP_PAYMENTS_ENTRY">
  <element name="ORDER_BY" value="ORDER_BY" /> 
  <element name="BANK_ACCOUNT_NAME" value="BANK_ACCOUNT_NAME" /> 
  <element name="CHECK_DATE" value="CHECK_DATE" /> 
  <element name="PAYMENT_METHOD_LOOKUP_CODE" value="PAYMENT_METHOD_LOOKUP_CODE" /> 
  <element name="AMOUNT" value="AMOUNT" /> 
  <element name="CHECK_NUMBER" value="CHECK_NUMBER" /> 
  <element name="CREATED_BY_USER" value="CREATED_BY_USER" /> 
  <element name="CREATION_DATE" value="CREATION_DATE" />   
  <element name="LAST_UPDATED_BY_USER" value="LAST_UPDATED_BY_USER" /> 
  <element name="LAST_UPDATE_DATE" value="LAST_UPDATE_DATE" />   
  <element name="REPORTING" value="REPORTING" />   
  <element name="VENDOR_NAME" value="VENDOR_NAME" />
  </group>
  
- <group name="G_AP_PAYMENTS_BATCH_SET" source="Q_AP_PAYMENTS_BATCH_SET">
  <element name="ORDER_BY" value="ORDER_BY" /> 
  <element name="BATCH_SET_NAME" value="BATCH_SET_NAME" /> 
  <element name="UPDATE_DATE" value="UPDATE_DATE" /> 
  <element name="ORG" value="ORG" /> 
  <element name="NULL_AMOUNT" value="NULL_AMOUNT" /> 
  <element name="NULL_INFO" value="NULL_INFO" /> 
  <element name="CREATED_BY_USER" value="CREATED_BY_USER" /> 
  <element name="CREATION_DATE" value="CREATION_DATE" />   
  <element name="LAST_UPDATED_BY_USER" value="LAST_UPDATED_BY_USER" /> 
  <element name="LAST_UPDATE_DATE" value="LAST_UPDATE_DATE" />   
  <element name="REPORTING" value="REPORTING" />   
  <element name="MEANING" value="MEANING" />
  </group>
- <group name="G_AP_SUPPLIER_ENTRY" source="Q_AP_SUPPLIER_ENTRY">
  <element name="ORDER_BY" value="ORDER_BY" /> 
  <element name="VENDOR_NAME" value="VENDOR_NAME" /> 
  <element name="VENDOR_NUMBER" value="VENDOR_NUMBER" /> 
  <element name="VENDOR_TYPE_LOOKUP_CODE" value="VENDOR_TYPE_LOOKUP_CODE" /> 
  <element name="NULL_AMOUNT" value="NULL_AMOUNT" /> 
  <element name="PAYMENT_METHOD_LOOKUP_CODE" value="PAYMENT_METHOD_LOOKUP_CODE" /> 
  <element name="CREATED_BY_USER" value="CREATED_BY_USER" /> 
  <element name="CREATION_DATE" value="CREATION_DATE" />   
  <element name="LAST_UPDATED_BY_USER" value="LAST_UPDATED_BY_USER" /> 
  <element name="LAST_UPDATE_DATE" value="LAST_UPDATE_DATE" />   
  <element name="REPORTING" value="REPORTING" />   
  <element name="MEANING" value="MEANING" />
  </group>
- <group name="G_HR_PEOPLE_MAINTAIN" source="Q_HR_PEOPLE_MAINTAIN">
  <element name="ORDER_BY" value="ORDER_BY" /> 
  <element name="FULL_NAME" value="FULL_NAME" /> 
  <element name="EMPLOYEE_NUMBER" value="EMPLOYEE_NUMBER" /> 
  <element name="NULL_STATUS" value="NULL_STATUS" /> 
  <element name="NULL_AMOUNT" value="NULL_AMOUNT" /> 
  <element name="NULL_INFO" value="NULL_INFO" /> 
  <element name="CREATED_BY_USER" value="CREATED_BY_USER" /> 
  <element name="CREATION_DATE" value="CREATION_DATE" />   
  <element name="LAST_UPDATED_BY_USER" value="LAST_UPDATED_BY_USER" /> 
  <element name="LAST_UPDATE_DATE" value="LAST_UPDATE_DATE" />   
  <element name="REPORTING" value="REPORTING" />   
  <element name="MEANING" value="MEANING" />
  </group>
- <group name="G_HR_COMPENSATION_BENEFITS_EARNINGS" source="Q_HR_COMPENSATION_BENEFITS_EARNINGS">
  <element name="ORDER_BY" value="ORDER_BY" /> 
  <element name="ELEMENT_NAME" value="ELEMENT_NAME" /> 
  <element name="reporting_name" value="REPORTING_NAME" /> 
  <element name="NULL_INFO" value="NULL_INFO" /> 
  <element name="NULL_AMOUNT" value="NULL_AMOUNT" /> 
  <element name="DESCRIPTION" value="DESCRIPTION" /> 
  <element name="CREATED_BY_USER" value="CREATED_BY_USER" /> 
  <element name="CREATION_DATE" value="CREATION_DATE" />   
  <element name="LAST_UPDATED_BY_USER" value="LAST_UPDATED_BY_USER" /> 
  <element name="LAST_UPDATE_DATE" value="LAST_UPDATE_DATE" />   
  <element name="REPORTING" value="REPORTING" />   
  <element name="MEANING" value="MEANING" />
  </group>
- <group name="G_PAY_PROPOSAL" source="Q_PAY_PROPOSAL">
  <element name="ORDER_BY" value="ORDER_BY" /> 
  <element name="EMPLOYEE" value="EMPLOYEE" /> 
  <element name="PROPOSAL_REASON" value="PROPOSAL_REASON" /> 
  <element name="RECENT_CHANGE_DATE" value="RECENT_CHANGE_DATE" /> 
  <element name="NULL_AMOUNT" value="NULL_AMOUNT" /> 
  <element name="ASSIGNMENT_NUMBER" value="ASSIGNMENT_NUMBER" /> 
  <element name="CREATED_BY_USER" value="CREATED_BY_USER" /> 
  <element name="CREATION_DATE" value="CREATION_DATE" />   
  <element name="LAST_UPDATED_BY_USER" value="LAST_UPDATED_BY_USER" /> 
  <element name="LAST_UPDATE_DATE" value="LAST_UPDATE_DATE" />   
  <element name="REPORTING" value="REPORTING" />   
  <element name="MEANING" value="MEANING" />
  </group>
- <group name="G_SALES_ORDER_HEADER" source="Q_SALES_ORDER_HEADER">
  <element name="ORDER_BY" value="ORDER_BY" /> 
  <element name="ORDER_NUMBER" value="ORDER_NUMBER" /> 
  <element name="ORDERED_DATE" value="ORDERED_DATE" /> 
  <element name="CUST_PO_NUMBER" value="CUST_PO_NUMBER" /> 
  <element name="NULL_AMOUNT" value="NULL_AMOUNT" /> 
  <element name="ORG_ID" value="ORG_ID" /> 
  <element name="CREATED_BY_USER" value="CREATED_BY_USER" /> 
  <element name="CREATION_DATE" value="CREATION_DATE" />   
  <element name="LAST_UPDATED_BY_USER" value="LAST_UPDATED_BY_USER" /> 
  <element name="LAST_UPDATE_DATE" value="LAST_UPDATE_DATE" />   
  <element name="REPORTING" value="REPORTING" />   
  <element name="MEANING" value="MEANING" />
  </group>
- <group name="G_SALES_ORDER_LINE" source="Q_SALES_ORDER_LINE">
  <element name="ORDER_BY" value="ORDER_BY" /> 
  <element name="ORDER_NUMBER" value="ORDER_NUMBER" /> 
  <element name="request_date" value="request_date" /> 
  <element name="line_and_item" value="line_and_item" /> 
  <element name="AMOUNT" value="AMOUNT" /> 
  <element name="ORG_ID" value="ORG_ID" /> 
  <element name="CREATED_BY_USER" value="CREATED_BY_USER" /> 
  <element name="CREATION_DATE" value="CREATION_DATE" />   
  <element name="LAST_UPDATED_BY_USER" value="LAST_UPDATED_BY_USER" /> 
  <element name="LAST_UPDATE_DATE" value="LAST_UPDATE_DATE" />   
  <element name="REPORTING" value="REPORTING" />   
  <element name="MEANING" value="MEANING" />
  </group>
- <group name="G_PHYSICAL_INVENTORY_ADJUSTMENT" source="Q_PHYSICAL_INVENTORY_ADJUSTMENT">
  <element name="ORDER_BY" value="ORDER_BY" /> 
  <element name="ADJUSTMENT_ID" value="ADJUSTMENT_ID" /> 
  <element name="RECENT_DATE" value="RECENT_DATE" /> 
  <element name="ITEM" value="ITEM" /> 
  <element name="ADJUSTMENT" value="ADJUSTMENT" /> 
  <element name="SYSTEM_QUANTITY" value="SYSTEM_QUANTITY" /> 
  <element name="CREATED_BY_USER" value="CREATED_BY_USER" /> 
  <element name="CREATION_DATE" value="CREATION_DATE" />   
  <element name="LAST_UPDATED_BY_USER" value="LAST_UPDATED_BY_USER" /> 
  <element name="LAST_UPDATE_DATE" value="LAST_UPDATE_DATE" />   
  <element name="REPORTING" value="REPORTING" />   
  <element name="MEANING" value="MEANING" />
  </group>
  </dataStructure>
  </dataTemplate>