<?xml version="1.0" encoding="utf-8"?>
<!-- $Header: DATA_TEMPLATE_HAEMO_XXHASENSFUNCUSER.xml 115.0 2014/12/01 15:20:16 xdouser noship $ -->
<!-- dbdrv: none -->

<dataTemplate name="SENSFUNCUSER" defaultPackage="" dataSourceRef="SENSITIVE_FUNC_BY_USER">
  <dataQuery>
    <sqlStatement name="SENS_FUNC_Q1" dataSourceRef=""><![CDATA[  
select distinct u.user_name "user_name"
, t.RESPONSIBILITY_NAME "responsibility"
, sf.functional_area "functional_area"
, sf.user_function_name "sensitive_function"
, sf.description "description"
, trunc(sf.refresh_date) "refresh_date"
from FND_USER_RESP_GROUPS r
, fnd_user u
, PER_ALL_PEOPLE_F pep
, fnd_responsibility_tl t
, XXHAE_SENSITIVE_FUNC sf
where r.RESPONSIBILITY_ID = t.RESPONSIBILITY_ID
and r.USER_ID = u.USER_ID
and u.EMPLOYEE_ID = pep.person_id
and sysdate between u.START_DATE and nvl(u.end_date,sysdate)
and sysdate between pep.effective_start_date and pep.effective_end_date
and trunc(sysdate) between r.start_date and nvl(r.end_date,trunc(sysdate))
and t.language = 'US'
and t.responsibility_id = sf.responsibility_id
and t.application_id = sf.resp_application_id
]]></sqlStatement>
  </dataQuery>
  <dataTrigger name="" />
  <dataStructure>
    <group name="SENS_FUNC_Q1" source="SENS_FUNC_Q1" groupFilter="">
      <element name="user_name" value="user_name" />
      <element name="responsibility" value="responsibility" />
      <element name="functional_area" value="functional_area" />
      <element name="sensitive_function" value="sensitive_function" />
      <element name="description" value="description" />
      <element name="refresh_date" value="refresh_date" />
    </group>
  </dataStructure>
</dataTemplate>