<?xml version="1.0" encoding="utf-8"?>
<!-- $Header: DATA_TEMPLATE_HAEMO_XXHA_CONC_REQ_ACCESS.xml 115.0 2014/12/01 15:13:56 xdouser noship $ -->
<!-- dbdrv: none -->

<dataTemplate name="XXHA_CONC_REQ_ACCESS" defaultPackage="" dataSourceRef="XXHA_CONC_REQ_ACCESS">
 <parameters>
    <parameter name="P_RESP" dataType="character" /> 
    <parameter name="P_CONC" dataType="character" /> 
 </parameters>
  <dataQuery>
    <sqlStatement name="RPT_Q1" dataSourceRef=""><![CDATA[  
select r.application_name APPLICATION_NAME
, r.responsibility_name RESPONSIBILITY_NAME
, r.request_group_name REQUEST_GROUP_NAME
, r.request_set_name REQUEST_SET_NAME
, r.program_application PROGRAM_APPLICATION
, r.conc_prog_name CONCURRENT_PROGRAM_NAME
, r.short_name SHORT_NAME
, r.description DESCRIPTION
, r.executable_name EXECUTABLE_NAME
, r.executable_method EXECUTABLE_METHOD
from xxha_request_access_by_resp_v r
where r.responsibility_name = nvl(:P_RESP,r.responsibility_name)
and r.conc_prog_name = nvl(:P_CONC,r.conc_prog_name)
and (:P_RESP is not null or :P_CONC is not null)
]]></sqlStatement>
  </dataQuery>
  <dataTrigger name="" />
  <dataStructure>
    <group name="RPT_Q1" source="RPT_Q1" groupFilter="">
      <element name="APPLICATION_NAME" value="APPLICATION_NAME" />
      <element name="RESPONSIBILITY_NAME" value="RESPONSIBILITY_NAME" />
      <element name="REQUEST_GROUP_NAME" value="REQUEST_GROUP_NAME" />
      <element name="REQUEST_SET_NAME" value="REQUEST_SET_NAME" />
      <element name="PROGRAM_APPLICATION" value="PROGRAM_APPLICATION" />
      <element name="CONCURRENT_PROGRAM_NAME" value="CONCURRENT_PROGRAM_NAME" />
      <element name="SHORT_NAME" value="SHORT_NAME" />
      <element name="DESCRIPTION" value="DESCRIPTION" />
      <element name="EXECUTABLE_NAME" value="EXECUTABLE_NAME" />
      <element name="EXECUTABLE_METHOD" value="EXECUTABLE_METHOD" />
   </group>
  </dataStructure>
</dataTemplate>