<?xml version="1.0" encoding="UTF-8" ?>
<!-- $Header: XXHA_LOT_TRACE.xml  2013/04/04 10:33:03 RamGopal Samireddy $ -->
<!-- GSCC_Category="Xdo Data Definition" -->
<dataTemplate name="XXHA_LOT_TRACE1" description= "Laminates Lot Traceability Report" version="1.0"  >
	<parameters>
		  <parameter name="P_JOB_FROM" dataType="character" /> 
		  <parameter name="P_JOB_TO" dataType="character" />
              <parameter name="P_ASSEMBLY_FROM" dataType="character" /> 
              <parameter name="P_ASSEMBLY_TO" dataType="character" />
              <parameter name="P_DATE_FROM" dataType="date" />
              <parameter name="P_DATE_TO" dataType="date" />
              <parameter name="P_COMPONENT_FROM" dataType="character" />
		  <parameter name="P_COMPONENT_TO" dataType="character" />
              <parameter name="P_ASSEMBLY_LOT_FROM" dataType="character" />
              <parameter name="P_ASSEMBLY_LOT_TO" dataType="character" />
              <parameter name="P_COMPONENT_LOT_FROM" dataType="character" />
              <parameter name="P_COMPONENT_LOT_TO" dataType="character" /> 
    </parameters> 
	<dataQuery>
      <sqlStatement name="Q" >
         <![CDATA[ SELECT DISTINCT WE.WIP_ENTITY_NAME JOB  			
                  FROM    WIP_ENTITIES WE,
  				  WIP_DISCRETE_JOBS WDJ,
  				  WIP_REQUIREMENT_OPERATIONS WRO,
  				  MTL_MATERIAL_TRANSACTIONS MMT,
  				  MTL_TRANSACTION_LOT_NUMBERS MTL,
  				  MTL_SYSTEM_ITEMS_B MSI
			WHERE   WE.WIP_ENTITY_ID = WDJ.WIP_ENTITY_ID
  AND WDJ.WIP_ENTITY_ID     = MMT.TRANSACTION_SOURCE_ID
AND WDJ.PRIMARY_ITEM_ID   = MSI.INVENTORY_ITEM_ID
AND WRO.WIP_ENTITY_ID     =WDJ.WIP_ENTITY_ID
AND MMT.TRANSACTION_ID    = MTL.TRANSACTION_ID
AND wro.INVENTORY_ITEM_ID = MMT.INVENTORY_ITEM_ID
AND WDJ.ORGANIZATION_ID   = MSI.ORGANIZATION_ID
AND WE.WIP_ENTITY_NAME BETWEEN NVL(:P_JOB_FROM,WE.WIP_ENTITY_NAME) AND NVL(:P_JOB_TO,WE.WIP_ENTITY_NAME)
AND TRUNC(MMT.TRANSACTION_DATE) BETWEEN NVL(:P_DATE_FROM,MMT.TRANSACTION_DATE) AND NVL(:P_DATE_TO,MMT.TRANSACTION_DATE)
AND MSI.SEGMENT1 BETWEEN NVL(:P_ASSEMBLY_FROM,MSI.SEGMENT1) AND NVL(:P_ASSEMBLY_TO,MSI.SEGMENT1)
AND WRO.SEGMENT1 BETWEEN NVL(:P_COMPONENT_FROM,WRO.SEGMENT1) AND NVL(:P_COMPONENT_TO,WRO.SEGMENT1)
AND WDJ.LOT_NUMBER BETWEEN NVL(:P_ASSEMBLY_LOT_FROM,WDJ.LOT_NUMBER) AND NVL(:P_ASSEMBLY_LOT_TO,WDJ.LOT_NUMBER)
AND MTL.LOT_NUMBER BETWEEN nvl(:P_COMPONENT_LOT_FROM,MTL.LOT_NUMBER) AND nvl(:P_COMPONENT_LOT_TO,MTL.LOT_NUMBER) ]]>
      </sqlStatement>
      <sqlStatement name="Q1" >
         <![CDATA[ SELECT DISTINCT WE.WIP_ENTITY_NAME JOB,
  				  MSI.SEGMENT1 ASSEMBLY,
  				  MSI.DESCRIPTION DESCRIPTION,
  				  MSI.PRIMARY_UOM_CODE UOM,
  				  WDJ.SCHEDULED_COMPLETION_DATE PRODUCTION_COMPLETION_DATE,
  				  WDJ.LOT_NUMBER ASSEMBLY_LOT_NUMBER,
  				  WRO.SEGMENT1 COMPONENTS,
  				  MTL.LOT_NUMBER COMPONENT_LOT,
  			        WRO.REQUIRED_QUANTITY COM_QTY,
  	                    TO_CHAR(MMT.TRANSACTION_DATE,'DD-MON-YYYY HH24:MI:SS') TRX_DATE,
  			        MMT.TRANSACTION_ID TRX_NUMBER
                  FROM    WIP_ENTITIES WE,
  				  WIP_DISCRETE_JOBS WDJ,
  				  WIP_REQUIREMENT_OPERATIONS WRO,
  				  MTL_MATERIAL_TRANSACTIONS MMT,
  				  MTL_TRANSACTION_LOT_NUMBERS MTL,
  				  MTL_SYSTEM_ITEMS_B MSI
			WHERE   WE.WIP_ENTITY_ID = WDJ.WIP_ENTITY_ID
  AND WDJ.WIP_ENTITY_ID     = MMT.TRANSACTION_SOURCE_ID
AND WDJ.PRIMARY_ITEM_ID   = MSI.INVENTORY_ITEM_ID
AND WRO.WIP_ENTITY_ID     =WDJ.WIP_ENTITY_ID
AND MMT.TRANSACTION_ID    = MTL.TRANSACTION_ID
AND wro.INVENTORY_ITEM_ID = MMT.INVENTORY_ITEM_ID
AND WDJ.ORGANIZATION_ID   = MSI.ORGANIZATION_ID
AND WE.WIP_ENTITY_NAME BETWEEN NVL(:P_JOB_FROM,WE.WIP_ENTITY_NAME) AND NVL(:P_JOB_TO,WE.WIP_ENTITY_NAME)
AND TRUNC(MMT.TRANSACTION_DATE) BETWEEN NVL(:P_DATE_FROM,MMT.TRANSACTION_DATE) AND NVL(:P_DATE_TO,MMT.TRANSACTION_DATE)
AND MSI.SEGMENT1 BETWEEN NVL(:P_ASSEMBLY_FROM,MSI.SEGMENT1) AND NVL(:P_ASSEMBLY_TO,MSI.SEGMENT1)
AND WRO.SEGMENT1 BETWEEN NVL(:P_COMPONENT_FROM,WRO.SEGMENT1) AND NVL(:P_COMPONENT_TO,WRO.SEGMENT1)
AND WDJ.LOT_NUMBER BETWEEN NVL(:P_ASSEMBLY_LOT_FROM,WDJ.LOT_NUMBER) AND NVL(:P_ASSEMBLY_LOT_TO,WDJ.LOT_NUMBER)
AND MTL.LOT_NUMBER BETWEEN nvl(:P_COMPONENT_LOT_FROM,MTL.LOT_NUMBER) AND nvl(:P_COMPONENT_LOT_TO,MTL.LOT_NUMBER) ]]>
      </sqlStatement>
     </dataQuery>
   <dataStructure>
      <group name= "G_XXHALOT_TRACE" source="Q">
          <element name= "JOB"      value = "JOB"/>         
      <group name= "G_XXHALOT_TRACE1" source="Q1">        
          <element name= "JOB"      value = "JOB"/>
          <element name= "ASSEMBLY" value = "ASSEMBLY"/>
          <element name= "DESCRIPTION" value = "DESCRIPTION"/>
          <element name= "UOM" value = "UOM"/>
          <element name= "PRODUCTION_COMPLETION_DATE" value = "PRODUCTION_COMPLETION_DATE"/>
          <element name= "ASSEMBLY_LOT_NUMBER" value = "ASSEMBLY_LOT_NUMBER"/>
          <element name= "COMPONENTS"  value = "COMPONENTS"/>
          <element name= "COMPONENT_LOT"  value = "COMPONENT_LOT"/>
          <element name= "COM_QTY"        value = "COM_QTY"/>
          <element name= "TRX_DATE"       value = "TRX_DATE"/>
          <element name= "TRX_NUMBER"     value = "TRX_NUMBER"/>
	  </group>
	  </group>
     </dataStructure>
</dataTemplate>
