<?xml version="1.0" encoding="UTF-8" ?>
<!-- $Header: DATA_TEMPLATE_HAEMO_XXHA_DISTINCT_JOBS.xml 115.0 2014/12/01 15:15:24 xdouser noship $ -->
<!-- dbdrv: none -->
 
<dataTemplate name="XXHA_DISTINCT_JOBS" description="XXHA: HR Distinct Job Listing Report" Version="1.0">
<dataQuery>
 <sqlStatement name="Q_ALL_JOBS">
 <![CDATA[ 
select distinct 
bg.name BUSINESS_GROUP
, j.name JOB
, jd.segment1 JOB_CODE
, jd.segment2 JOB_TITLE
, jd.segment3 JOB_LEVEL
, jd.segment4 JOB_FAMILY
, jd.segment5 JOB_LABOR_TYPE
, to_char(j.date_from,'MM/DD/YYYY') JOB_START_DATE
, decode(to_char(j.date_to,'MM/DD/YYYY'),'12/31/4712',null,to_char(j.date_to,'MM/DD/YYYY')) JOB_END_DATE
, j.attribute1 ADP_JOB_CODE
, g.name GRADE
, vg.date_to vg_to_date
, j.job_information9 FURTHER_JOB_FAMILY
, j.attribute2 HRTMS_JOB_CODE
from per_jobs j, per_job_definitions jd, per_business_groups bg
, per_valid_grades vg, per_grades g
where j.job_definition_id = jd.job_definition_id
and j.business_group_id = bg.business_group_id
and j.business_group_id = vg.business_group_id(+) 
and j.job_id = vg.job_id(+)
and vg.grade_id = g.grade_id(+)
and nvl(vg.date_to(+), trunc(sysdate)) >= trunc(sysdate)
order by 1,2
    ]]> 
  </sqlStatement>
 </dataQuery>
 <dataStructure>
   <group name="G_ALL_JOBS" source="Q_ALL_JOBS">
     <element name="BUSINESS_GROUP" value="BUSINESS_GROUP" /> 
     <element name="JOB" value="JOB" /> 
     <element name="JOB_CODE" value="JOB_CODE" /> 
     <element name="JOB_TITLE" value="JOB_TITLE" /> 
     <element name="JOB_LEVEL" value="JOB_LEVEL" /> 
     <element name="JOB_FAMILY" value="JOB_FAMILY" /> 
     <element name="JOB_LABOR_TYPE" value="JOB_LABOR_TYPE" /> 
     <element name="JOB_START_DATE" value="JOB_START_DATE" /> 
     <element name="JOB_END_DATE" value="JOB_END_DATE" /> 
     <element name="ADP_JOB_CODE" value="ADP_JOB_CODE" /> 
     <element name="GRADE" value="GRADE" /> 
     <element name="FURTHER_JOB_FAMILY" value="FURTHER_JOB_FAMILY" /> 
     <element name="HRTMS_JOB_CODE" value="HRTMS_JOB_CODE" /> 
   </group>
 </dataStructure>
</dataTemplate>