<?xml version="1.0" encoding="UTF-8" ?>
<!-- $Header: DATA_TEMPLATE_HAEMO_XXHA_CWB_COMPARE.xml 115.0 2014/12/01 15:11:33 xdouser noship $ -->
<!-- dbdrv: none -->
 
<dataTemplate name="XXHA_CWB_COMPARE" description="XXHA: CWB Compare Report" Version="1.0">
 <parameters>
    <parameter name="P_PLAN" dataType="varchar2" /> 
--    <parameter name="P_DATE" dataType="date" /> 
    <parameter name="P_EFF_DATE" dataType="date" /> 
 </parameters>
<dataQuery>
 <sqlStatement name="Q_CWB_COMPARE">
 <![CDATA[ 
select distinct
  ben.empnumber EMPLOYEE_NUMBER
, ben.employeefullname EMPLOYEE_NAME
, ben.businessgroup BUSINESS_GROUP
, ben.grade GRADE_CWB
, g.name GRADE_ASG
, bensup.full_name SUPERVISOR_CWB
, sup.full_name SUPERVISOR_ASG
, ben.statedsal SALARY_CWB
, salary.annual_salary SALARY
, past.user_status CWB_STATUS
, ast.user_status CORE_STATUS
from BEN_CWB_REP_COMP_DTL_V ben	  
, per_assignment_status_types past
, ben_cwb_person_info pi
, per_all_people_f pep
, per_all_assignments_f asg
, per_business_groups bg
, per_assignment_status_types ast
, per_grades g
, per_people_x sup
, per_people_x bensup
, (SELECT ppp.proposed_salary_n annual_salary, pee.assignment_id
   from  per_pay_proposals ppp,pay_element_entries_f pee
   where pee.creator_type = 'SP'
   and sysdate between pee.effective_start_date  and pee.effective_end_date 
   and pee.creator_id = ppp.pay_proposal_id
   and pee.entry_type = 'E'
) salary
where ben.compplanid = :P_PLAN--'HAE Global Merit/Lump Sum Plan'
and ben.businessgroup = bg.name
and pep.business_group_id = bg.business_group_id
and ben.transactiondate = trunc(:P_EFF_DATE)
and ben.levelnum = 1 --concannon
and ben.statedsal is not null
and ben.empnumber = pep.employee_number
and sysdate between pep.effective_start_date and pep.effective_end_date
and sysdate between asg.effective_start_date and asg.effective_end_date
and asg.primary_flag = 'Y'
and pep.person_id = asg.person_id(+)
and asg.grade_id = g.grade_id(+)
and sup.person_id(+) = asg.supervisor_id
and bensup.person_id(+) = ben.mgrpersonid
and asg.assignment_status_type_id = ast.assignment_status_type_id(+)
and salary.assignment_id(+) = asg.assignment_id
and (nvl(ben.grade,'XXX') <> nvl(g.name,'XXX')
  or nvl(sup.full_name,'XXX') <> bensup.full_name
  or ben.statedsal <> nvl(salary.annual_salary,0)
  or nvl(ast.user_status,'XXX') <> nvl(past.user_status,'XXX'))
and pi.employee_number = ben.empnumber
and pi.effective_date >= :P_EFF_DATE
and pi.assignment_status_type_id = past.assignment_status_type_id(+)
order by 3,2,4
    ]]> 
  </sqlStatement>
 </dataQuery>
 <dataStructure>
   <group name="G_CWB_COMPARE" source="Q_CWB_COMPARE">
     <element name="EMPLOYEE_NUMBER" value="EMPLOYEE_NUMBER" /> 
     <element name="EMPLOYEE_NAME" value="EMPLOYEE_NAME" /> 
     <element name="BUSINESS_GROUP" value="BUSINESS_GROUP" /> 
     <element name="PLAN" value="PLAN" /> 
     <element name="GRADE_CWB" value="GRADE_CWB" /> 
     <element name="GRADE_ASG" value="GRADE_ASG" /> 
     <element name="SUPERVISOR_CWB" value="SUPERVISOR_CWB" /> 
     <element name="SUPERVISOR_ASG" value="SUPERVISOR_ASG" /> 
     <element name="SALARY_CWB" value="SALARY_CWB" /> 
     <element name="SALARY" value="SALARY" /> 
     <element name="CWB_STATUS" value="CWB_STATUS" /> 
     <element name="CORE_STATUS" value="CORE_STATUS" /> 
   </group>
 </dataStructure>
</dataTemplate>