<?xml version = '1.0' encoding = 'UTF-8'?>
<!-- $Header: APXPOINV.xml 120.0.12010000.1 2014/12/01 15:11:46 zrehman noship $ -->
<!-- dbdrv: exec java oracle/apps/xdo/oa/util XDOLoader.class java &phase=dat checkfile:~PROD:patch/115/publisher/defs:APXPOINV.xml UPLOAD -DB_USERNAME &un_apps -DB_PASSWORD &pw_apps -JDBC_CONNECTION &jdbc_db_addr -LOB_TYPE DATA_TEMPLATE -APPS_SHORT_NAME SQLAP -LOB_CODE APXPOINV -LANGUAGE 00 -XDO_FILE_TYPE XML-DATA-TEMPLATE -FILE_NAME &fullpath:~PROD:patch/115/publisher/defs:APXPOINV.xml -->
<!-- GSCC_Category="Xdo Data Definition" -->
<dataTemplate name="APXPOINV" defaultPackage="XXHA_XLA_JELINES_RPT_PKG" version="1.0">
<properties><property name="debug_mode" value="on" /></properties>
<properties>
  <property name="db_fetch_size" value="200" />
</properties>
<properties> <property name="include_null_Element" value="false"/> </properties>
<parameters>
   <parameter name="P_RESP_APPLICATION_ID" dataType="number"/>
   <parameter name="P_LEDGER_ID" dataType="number"/>
   <parameter name="P_COA_ID"    dataType="number"/>
   <parameter name="P_LEDGER" dataType="character"/>

   <parameter name="P_LEGAL_ENTITY_ID" dataType="number"/>
   <parameter name="P_LEGAL_ENTITY" dataType="character"/>

   <parameter name="P_TRX_LEGAL_ENTITY_ID" dataType="number"/>
   <parameter name="P_TRX_LEGAL_ENTITY" dataType="character"/>

   <parameter name="P_PERIOD_TYPE" dataType="character"/>
 <!--  <parameter name="P_PERIOD_FROM" dataType="character"/>-->
 <!--  <parameter name="P_PERIOD_TO" dataType="character"/>  -->

   <parameter name="P_GL_DATE_FROM" dataType="date"/>
   <parameter name="P_GL_DATE_TO" dataType="date"/>

   <parameter name="P_CREATION_DATE_FROM" dataType="date"/>
   <parameter name="P_CREATION_DATE_TO" dataType="date"/>
   <parameter name="P_TRANSACTION_DATE_FROM" dataType="date"/>
   <parameter name="P_TRANSACTION_DATE_TO" dataType="date"/>

   <parameter name="P_JE_STATUS_CODE" dataType="character"/>
   <parameter name="P_JE_STATUS" dataType="character"/>

   <parameter name="P_POSTING_STATUS_CODE" dataType="character"/>
   <parameter name="P_POSTING_STATUS" dataType="character"/>

   <parameter name="P_JE_SOURCE" dataType="character"/>
   <parameter name="P_JE_SOURCE_NAME" dataType="character"/>

   <parameter name="P_PROCESS_CATEGORY_ROWID" dataType="character"/>
   <parameter name="P_PROCESS_CATEGORY" dataType="character"/>

   <parameter name="P_EVENT_CLASS_ROWID" dataType="character"/>
   <parameter name="P_EVENT_CLASS" dataType="character"/>

   <parameter name="P_ACCT_SEQUENCE_NAME" dataType="character"/>
   <parameter name="P_ACCT_SEQUENCE_VERSION" dataType="number"/>
   <parameter name="P_ACCT_SEQUENCE_NUM_FROM" dataType="number"/>
   <parameter name="P_ACCT_SEQUENCE_NUM_TO" dataType="number"/>

   <parameter name="P_RPT_SEQUENCE_NAME" dataType="character"/>
   <parameter name="P_RPT_SEQUENCE_VERSION" dataType="number"/>
   <parameter name="P_RPT_SEQUENCE_NUM_FROM" dataType="number"/>
   <parameter name="P_RPT_SEQUENCE_NUM_TO" dataType="number"/>

   <parameter name="P_DOC_SEQUENCE_NAME" dataType="character"/>
   <parameter name="P_DOC_SEQUENCE_NUM_FROM" dataType="number"/>
   <parameter name="P_DOC_SEQUENCE_NUM_TO" dataType="number"/>

   <parameter name="P_PARTY_TYPE_CODE" dataType="character"/>
   <parameter name="P_PARTY_TYPE" dataType="character"/>

   <parameter name="P_PARTY_ID" dataType="number"/>
   <parameter name="P_PARTY_NAME" dataType="character"/>

   <parameter name="P_PARTY_NUMBER_FROM" dataType="character"/>
   <parameter name="P_PARTY_NUMBER_TO" dataType="character"/>

   <parameter name="P_JE_CATEGORY" dataType="character"/>
   <parameter name="P_JE_CATEGORY_NAME" dataType="character"/>

   <parameter name="P_BALANCE_TYPE_CODE" dataType="character"/>
   <parameter name="P_BALANCE_TYPE" dataType="character"/>

   <parameter name="P_BUDGET_VERSION_ID" dataType="number"/>
   <parameter name="P_BUDGET_NAME" dataType="character"/>

   <parameter name="P_ENCUMBRANCE_TYPE_ID" dataType="number"/>
   <parameter name="P_ENCUMBRANCE_TYPE" dataType="character"/>

   <parameter name="P_INCLUDE_ZERO_AMOUNT_FLAG" dataType="character"/>
   <parameter name="P_INCLUDE_ZERO_AMOUNT_LINES" dataType="character"/>

   <parameter name="P_ENTERED_CURRENCY" dataType="character"/>

   <parameter name="P_SIDE_CODE" dataType="character"/>
   <parameter name="P_SIDE" dataType="character"/>

   <parameter name="P_ACCOUNTED_AMOUNT_FROM" dataType="number"/>
   <parameter name="P_ACCOUNTED_AMOUNT_TO" dataType="number"/>

   <parameter name="P_BALANCING_SEGMENT_FROM" dataType="character"/>
   <parameter name="P_BALANCING_SEGMENT_TO" dataType="character"/>
   <parameter name="P_ACCOUNT_SEGMENT_FROM" dataType="character"/>
   <parameter name="P_ACCOUNT_SEGMENT_TO" dataType="character"/>
   <parameter name="P_ACCOUNT_FLEXFIELD_FROM" dataType="character"/>
   <parameter name="P_ACCOUNT_FLEXFIELD_TO" dataType="character"/>

   <parameter name="P_VALUATION_METHOD" dataType="character"/>
   <parameter name="P_SECURITY_ID_INT_1" dataType="number"/>
   <parameter name="P_SECURITY_ID_INT_2" dataType="number"/>
   <parameter name="P_SECURITY_ID_INT_3" dataType="number"/>
   <parameter name="P_SECURITY_ID_CHAR_1" dataType="character"/>
   <parameter name="P_SECURITY_ID_CHAR_2" dataType="character"/>
   <parameter name="P_SECURITY_ID_CHAR_3" dataType="character"/>

   <parameter name="P_POST_ACCT_PROGRAM_ROWID" dataType="character"/>
   <parameter name="P_POST_ACCOUNTING_PROGRAM" dataType="character"/>

   <parameter name="P_USER_TRX_ID_COLUMN_1" dataType="character"/>
   <parameter name="P_USER_TRX_ID_COLUMN_2" dataType="character"/>
   <parameter name="P_USER_TRX_ID_COLUMN_3" dataType="character"/>
   <parameter name="P_USER_TRX_ID_COLUMN_4" dataType="character"/>
   <parameter name="P_USER_TRX_ID_COLUMN_5" dataType="character"/>
   <parameter name="P_USER_TRX_ID_VALUE_1" dataType="character"/>
   <parameter name="P_USER_TRX_ID_VALUE_2" dataType="character"/>
   <parameter name="P_USER_TRX_ID_VALUE_3" dataType="character"/>
   <parameter name="P_USER_TRX_ID_VALUE_4" dataType="character"/>
   <parameter name="P_USER_TRX_ID_VALUE_5" dataType="character"/>

   <parameter name="P_GL_BATCH_NAME" dataType="character"/>

   <parameter name="P_INCLUDE_USER_TRX_ID_FLAG" dataType="character"/>
   <parameter name="P_INCLUDE_USER_TRX_IDENTIFIERS" dataType="character"/>

   <parameter name="P_INCLUDE_TAX_DETAILS_FLAG" dataType="character"/>
   <parameter name="P_INCLUDE_TAX_DETAILS" dataType="character"/>

   <parameter name="P_INCLUDE_LE_INFO_FLAG" dataType="character"/>
   <parameter name="P_INCLUDE_LEGAL_ENTITY_INFO" dataType="character"/>
   <parameter name="P_YTD_CARRIEDFWD_FLAG" dataType="character" />    
   <parameter name="P_YTD_CARRIEDFWD_INFO" dataType="character" /> 

   <parameter name="P_TRANSACTION_VIEW" dataType="character"/>
   <parameter name="P_FETCH_FROM_GL" dataType="character"/>
   <parameter name="P_DOC_SEQ_NAME" dataType="character"/>

   <parameter name="P_CUSTOM_PARAMETER_1" dataType="character"/>
   <parameter name="P_CUSTOM_PARAMETER_2" dataType="character"/>
   <parameter name="P_CUSTOM_PARAMETER_3" dataType="character"/>
   <parameter name="P_CUSTOM_PARAMETER_4" dataType="character"/>
   <parameter name="P_CUSTOM_PARAMETER_5" dataType="character"/>
   <parameter name="P_CUSTOM_PARAMETER_6" dataType="character"/>
   <parameter name="P_CUSTOM_PARAMETER_7" dataType="character"/>
   <parameter name="P_CUSTOM_PARAMETER_8" dataType="character"/>
   <parameter name="P_CUSTOM_PARAMETER_9" dataType="character"/>
   <parameter name="P_CUSTOM_PARAMETER_10" dataType="character"/>
   <parameter name="P_CUSTOM_PARAMETER_11" dataType="character"/>
   <parameter name="P_CUSTOM_PARAMETER_12" dataType="character"/>
   <parameter name="P_CUSTOM_PARAMETER_13" dataType="character"/>
   <parameter name="P_CUSTOM_PARAMETER_14" dataType="character"/>
   <parameter name="P_CUSTOM_PARAMETER_15" dataType="character"/>
   <parameter name="P_LEGAL_AUDIT_FLAG" dataType="character"/>
   <parameter name="P_TRX_NUM_FROM" dataType="character"/>   
   <parameter name="P_TRX_NUM_TO" dataType="character"/>  
   <parameter name="P_ORDER_BY" dataType="character"/>
   <parameter name="P_CUSTOM_QUERY_FLAG" dataType="character"/>   
   <parameter name="P_LONG_REPORT" dataType="character" defaultValue="Y"/> 
</parameters>
<dataQuery>
   <sqlStatement name="Q_LONG_REPORT">
      <![CDATA[
          SELECT
              &p_main_col_start
	          &p_party_details_col
      	      &p_segment_col
              &p_uti_col
	          &p_le_col
              &p_main_col_end
          FROM
              (&p_sla_col_1
               &p_gl_columns
               &p_sla_col_2
               &p_party_details
               &p_sla_qualifier_segment
               &p_sla_col_3
               &p_trx_identifiers_1
               &p_trx_identifiers_2   
               &p_trx_identifiers_3   
               &p_trx_identifiers_4   
               &p_trx_identifiers_5 
               &p_sla_legal_ent_col
               &p_sla_from
               &p_sla_seg_desc_from
               &p_gl_view
               &p_sla_legal_ent_from
               &p_party_from
               &p_sla_join
               &p_sla_seg_desc_join
               &p_other_param_filter
               &p_gl_join
               &p_sla_legal_ent_join
               &p_party_join
               &p_union_all
               &p_gl_col_1
               &p_gl_party_details
               &p_gl_qualifier_segment
               &p_gl_col_2
               &p_gl_legal_ent_col
               &p_gl_from
               &p_gl_seg_desc_from
               &p_gl_legal_ent_from
               &p_gl_where
               &p_gl_seg_desc_join
      	       &p_gl_legal_ent_join
	           &p_other_union) TABLE1
       	       &p_le_from
	           &p_other_from
          WHERE
               1 = 1
               &p_trx_id_filter
    	       &p_le_join
	           &p_other_join
	           &p_order_by_clause
      ]]>
   </sqlStatement>
</dataQuery>
<dataTrigger name="beforeReport" source="XXHA_XLA_JELINES_RPT_PKG.beforeReport"/>
<dataStructure>
   <group name="CCID" source="Q_LONG_REPORT">
     <element name="ACCOUNTING_CODE_COMBINATION "      value="ACCOUNTING_CODE_COMBINATION"/>
     <element name="CODE_COMBINATION_DESCRIPTION"      value="CODE_COMBINATION_DESCRIPTION"/>
	    <group name="CURR_BATCH" source="Q_LONG_REPORT">
		  <element name="GL_BATCH_NAME"                     value="GL_BATCH_NAME"/>
              <element name="ENTERED_CURRENCY"                  value="ENTERED_CURRENCY"/>
		  <group name="JE_LINE" source="Q_LONG_REPORT">
                <element name="GL_DATE"                           value="GL_DATE"/>
                <element name="EVENT_TYPE_NAME"                   value="EVENT_TYPE_NAME"/>
                <element name="GL_TRANSFER_DATE"                  value="GL_TRANSFER_DATE"/>
                <element name="DOCUMENT_SEQUENCE_NUMBER"          value="DOCUMENT_SEQUENCE_NUMBER"/>
		    <element name="TRANSACTION_NUMBER"                value="TRANSACTION_NUMBER"/>
                <element name="TRANSACTION_DATE"                  value="TRANSACTION_DATE"/>
                <element name="CONVERSION_RATE"                    value="CONVERSION_RATE"/>
                <element name="CONVERSION_RATE_DATE"              value="CONVERSION_RATE_DATE"/>
                <element name="CONVERSION_RATE_TYPE"              value="CONVERSION_RATE_TYPE"/>
                <element name="ENTERED_DR"                        value="ENTERED_DR"/>
                <element name="ENTERED_CR"                        value="ENTERED_CR"/>
                <element name="ACCOUNTED_DR"                      value="ACCOUNTED_DR"/>
                <element name="ACCOUNTED_CR"                      value="ACCOUNTED_CR"/>
                <element name="PARTY_NUMBER"                      value="PARTY_NUMBER"/>
                <element name="PARTY_SITE_NAME"                   value="PARTY_SITE_NAME"/>
                <element name="USER_TRX_IDENTIFIER_VALUE_1"       value="USER_TRX_IDENTIFIER_VALUE_1"/>
                <element name="USER_TRX_IDENTIFIER_VALUE_4"       value="USER_TRX_IDENTIFIER_VALUE_4"/>
                <element name="USER_TRX_IDENTIFIER_VALUE_7"       value="USER_TRX_IDENTIFIER_VALUE_7"/>
                <element name="USER_TRX_IDENTIFIER_VALUE_9"       value="USER_TRX_IDENTIFIER_VALUE_9"/>
                <element name="USER_TRX_IDENTIFIER_VALUE_10"      value="USER_TRX_IDENTIFIER_VALUE_10"/>
                <element name="LEDGER_CURRENCY"                   value="LEDGER_CURRENCY"/>
            </group> 
      </group>
   </group>
</dataStructure>
</dataTemplate>
