<?xml version="1.0" encoding="utf-8"?>
<!-- $Header: DATA_TEMPLATE_HAEMO_XXHASENSFUNCRESP.xml 115.0 2014/12/01 15:20:14 xdouser noship $ -->
<!-- dbdrv: none -->

<dataTemplate name="SENSFUNCRESP" defaultPackage="" dataSourceRef="SENSITIVE_FUNC_BY_RESP">
  <dataQuery>
    <sqlStatement name="SENS_FUNC_Q1" dataSourceRef=""><![CDATA[  
select distinct t.RESPONSIBILITY_NAME "responsibility"
, sf.functional_area "functional_area"
, sf.user_function_name "sensitive_function"
, sf.description "description"
, trunc(sf.refresh_date) "refresh_date"
from fnd_responsibility_tl t
, XXHAE_SENSITIVE_FUNC sf
where t.language = 'US'
and t.responsibility_id = sf.responsibility_id
and t.application_id = sf.resp_application_id
order by 2,4
]]></sqlStatement>
  </dataQuery>
  <dataStructure>
    <group name="SENS_FUNC_Q1" source="SENS_FUNC_Q1">
      <element name="responsibility" value="responsibility" />
      <element name="functional_area" value="functional_area" />
      <element name="sensitive_function" value="sensitive_function" />
      <element name="description" value="description" />
      <element name="refresh_date" value="refresh_date" />
    </group>
  </dataStructure>
</dataTemplate>