<?xml version="1.0" encoding="UTF-8" ?>
<!-- $Header: DATA_TEMPLATE_HAEMO_XXHA_TRANSIT_TIMES.xml 115.0 2014/12/01 15:13:02 xdouser noship $ -->
<!-- dbdrv: none -->
 
<dataTemplate name="XXHA_TRANSIT_TIMES" description="XXHA: Transit Times" Version="1.0">
<dataQuery>
 <sqlStatement name="XXHA_TRANSIT_TIMES">
 <![CDATA[ 
SELECT 'Internal Location' origin_type,
        from_hl.location_code Origin, 
        from_hl.location_code ||'-'|| from_hl.address_line_1||'-'|| from_hl.address_line_2 ||'-'|| from_hl.town_or_city ||'-'|| from_hl.region_2 ||'-'|| from_hl.postal_code ||'-'||from_hl.country Origin_Description,
        decode(mism.destination_type, 'R', 'Region', 'Z', 'Zone', 'L', 'Location', 'N/A') destination_type,
        to_hl.location_code Destination, 
        to_hl.location_code ||'-'|| to_hl.address_line_1||'-'|| to_hl.address_line_2 ||'-'|| to_hl.town_or_city ||'-'|| to_hl.region_2 ||'-'|| to_hl.postal_code ||'-'||to_hl.country Destination_Description,
        fcl.meaning ship_method, 
        mism.intransit_time
FROM WSH_TRANSIT_TIMES_V wtt, hr_locations from_hl, hr_locations to_hl, MTL_INTERORG_SHIP_METHODS mism, fnd_common_lookups fcl
WHERE nvl(wtt.origin_type,'L') = nvl('', 'L') and wtt.destination_type = nvl('', 'L')
and nvl(wtt.from_location_id,-99) = nvl('', nvl(wtt.from_location_id,-99)) 
and nvl(wtt.from_region_id,-99) = nvl('', nvl(wtt.from_region_id,-99)) 
and nvl(wtt.to_location_id,-99) = nvl('',nvl( wtt.to_location_id,-99)) 
and nvl( wtt.to_region_id,-99) = nvl('',nvl( wtt.to_region_id,-99)) 
and from_hl.location_id = wtt.from_location_id
and to_hl.location_id = wtt.to_location_id
and nvl(mism.origin_type, 'L') = 'L'
and mism.FROM_LOCATION_ID (+) = wtt.from_location_id
and mism.TO_LOCATION_ID (+) = wtt.to_location_id
and mism.destination_type(+) = 'L'
and lookup_type(+) = 'SHIP_METHOD'
and lookup_code(+) = mism.SHIP_METHOD
union all
SELECT  'Internal Location' origin_type,
        from_hl.location_code Origin, 
        from_hl.location_code ||'-'|| from_hl.address_line_1||'-'|| from_hl.address_line_2 ||'-'|| from_hl.town_or_city ||'-'|| from_hl.region_2 ||'-'|| from_hl.postal_code ||'-'||from_hl.country Origin_Description,
        decode(mism.destination_type, 'R', 'Region', 'Z', 'Zone', 'L', 'Location', 'N/A') destination_type,
        POSTAL_CODE_FROM || decode(POSTAL_CODE_FROM, null, null, ' - ')||
        to_wr.POSTAL_CODE_TO || decode(to_wr.POSTAL_CODE_TO, null, null, ', ')||
        to_wr.CITY || decode(to_wr.CITY, null, null, ', ')||
        to_wr.STATE || decode(to_wr.STATE, null, null, ', ')||
        to_wr.COUNTRY  || to_wr.ZONE Destination,
        to_wr.POSTAL_CODE_FROM || decode(to_wr.POSTAL_CODE_FROM, null, null, ' - ')||
        to_wr.POSTAL_CODE_TO || decode(to_wr.POSTAL_CODE_TO, null, null, ', ')||
        to_wr.CITY || decode(to_wr.CITY, null, null, ', ')||
        to_wr.STATE || decode(to_wr.STATE, null, null, ', ')||
        to_wr.COUNTRY  || to_wr.ZONE Destination_Description,
        fcl.meaning ship_method, 
        mism.intransit_time
FROM WSH_TRANSIT_TIMES_V wtt, hr_locations from_hl, WSH_REGIONS_V to_wr, MTL_INTERORG_SHIP_METHODS mism, fnd_common_lookups fcl
WHERE nvl(wtt.origin_type,'L') = nvl('', 'L') and wtt.destination_type = nvl('', 'R')
and nvl(wtt.from_location_id,-99) = nvl('', nvl(wtt.from_location_id,-99)) 
and nvl(wtt.from_region_id,-99) = nvl('', nvl(wtt.from_region_id,-99)) 
and nvl(wtt.to_location_id,-99) = nvl('',nvl( wtt.to_location_id,-99)) 
and nvl( wtt.to_region_id,-99) = nvl('',nvl( wtt.to_region_id,-99)) 
and from_hl.location_id = wtt.from_location_id
and to_wr.region_id = wtt.to_region_id
and nvl(mism.origin_type, 'L') = 'L'
and mism.FROM_LOCATION_ID (+) = wtt.from_location_id
and mism.TO_REGION_ID (+) = wtt.to_region_id
and mism.destination_type(+) in ('R', 'Z')
and lookup_type(+) = 'SHIP_METHOD'
and lookup_code(+) = mism.SHIP_METHOD
order by origin, destination_type, destination, ship_method
]]> 
  </sqlStatement>
 </dataQuery>
 <dataStructure>
   <group name="XXHA_TRANSIT_TIMES" source="XXHA_TRANSIT_TIMES">
     <element name="ORIGIN_TYPE" value="ORIGIN_TYPE" /> 
     <element name="ORIGIN" value="ORIGIN" /> 
     <element name="ORIGIN_DESCRIPTION" value="ORIGIN_DESCRIPTION" /> 
     <element name="DESTINATION_TYPE" value="DESTINATION_TYPE" /> 
     <element name="DESTINATION" value="DESTINATION" /> 
     <element name="DESTINATION_DESCRIPTION" value="DESTINATION_DESCRIPTION" /> 
     <element name="SHIP_METHOD" value="SHIP_METHOD" /> 
     <element name="INTRANSIT_TIME" value="INTRANSIT_TIME" /> 
   </group>
 </dataStructure>
</dataTemplate>