<?xml version="1.0" encoding="UTF-8" ?>
<!-- $Header: DATA_TEMPLATE_XXHA_DROP_REPORT.xml 115.0 2015/04/08 14:02:42 xdouser noship $ -->
<!-- Apps Associates  Version#1.1  2015/09/10  Added logic to group case_quantity for same LPN. Getting the carrier details from wsh_new_deliveries -->
<!-- Apps Associates  Version#1.1  2015/09/10  Added notes section same as shipping instructions report. -->
<!-- dbdrv: none -->

<dataTemplate name="XXHA_DROP_REPORT" version="1.0">
<properties>
<property name="debug_mode" value="on" />
</properties>
<parameters>
<parameter name="P_DELIV_ID" dataType ="VARCHAR2(30)"></parameter>
</parameters>

<dataQuery>
<sqlStatement name="Q_XXHA_DROP_REPORT">
<![CDATA[
SELECT oeh.order_number, wnd.name, wc.freight_code, party.party_name,
oel.ordered_item, nvl(lpn.license_plate_number,lpn_parent.license_plate_number) License_Plate_Number, 
wdd.src_requested_quantity_uom,
sum(decode(wdd.src_requested_quantity_uom,'Ea',wdd.requested_quantity,round((Nvl(wdd.requested_quantity,0)/Muc.Conversion_Rate),2))) Case_Quantity,
wdd.lot_number,wdd.serial_number, mil.concatenated_segments Lane,oeh.SHIPPING_INSTRUCTIONS CP_SHIPPING_INSTRUCTIONS,sites.attribute2 CF_ST_CUSTOMER_NOTES,
(select SU.ATTRIBUTE2
 from APPS.HZ_CUST_SITE_USES_ALL SU
 where SU.SITE_USE_ID = OEL.INVOICE_TO_ORG_ID
 and   SU.CUST_ACCT_SITE_ID = CUST_SITE.CUST_ACCT_SITE_ID) CF_BT_CUSTOMER_NOTES,
 to_char(wdd.source_header_id) source_header_id,wdd.shipping_instructions,to_char(wnd.delivery_id) delivery_chr,
 wdd.SOURCE_HEADER_ID SOURCE_HEADER_ID_DEL_LINE_DET,wdd.move_order_line_id MOVE_ORDER_LINE_ID1
FROM hz_parties party,
  hz_cust_accounts cust,
  hz_cust_acct_sites_all cust_site,
  hz_cust_site_uses_all sites,
  hz_party_sites hps,
  hz_locations hl,
  mtl_parameters mp,
  hr_organization_units hou,
  hr_locations sf_hl,
  oe_order_lines_all oel,
  oe_order_headers_all oeh,
  wsh_new_deliveries wnd,
wsh_delivery_assignments wda,
wsh_delivery_details wdd,
mtl_item_locations_kfv mil,
wsh_carriers wc,
(select wda1.delivery_detail_id,wlp.license_plate_number from wsh_delivery_assignments wda1,wsh_delivery_details wdd1,wms_license_plate_numbers wlp
where 1=1
and wda1.parent_delivery_detail_id=wdd1.delivery_detail_id
and wdd1.lpn_id=wlp.lpn_id) lpn,
apps.wsh_delivery_details da_parent ,
wms_license_plate_numbers lpn_parent,
MTL_UOM_CONVERSIONS muc,
MTL_SYSTEM_ITEMS_B msib_w,
Wsh_Container_Items Wci
WHERE party.party_id            = cust.party_id
AND cust.cust_account_id        = cust_site.cust_account_id
AND cust_site.cust_acct_site_id = sites.cust_acct_site_id
AND cust_site.party_site_id     = hps.party_site_id
AND hps.location_id             = hl.location_id
AND sites.site_use_id           = oel.ship_to_org_id   
AND oeh.header_id = oel.header_id
AND oel.INVENTORY_ITEM_ID  = msib_w.INVENTORY_ITEM_ID
AND oel.SHIP_FROM_ORG_ID   = msib_w.ORGANIZATION_ID
And  Wci.Load_Item_Id(+) = Msib_W.Inventory_Item_Id 
And  Wci.Master_Organization_Id(+) = Msib_W.Organization_Id
and oel.inventory_item_id   = muc.inventory_item_id
and oel.line_id = wdd.source_line_id
--and wc.carrier_id = wdd.carrier_id -- commented for carrier issue
and wc.carrier_id = wnd.carrier_id -- added for carrier issue
and wdd.locator_id = mil.inventory_location_id
and wdd.delivery_Detail_id = wda.delivery_Detail_id
and wda.parent_delivery_detail_id	= da_parent.delivery_detail_id(+)	
and da_parent.lpn_id = lpn_parent.lpn_id(+)	
AND da_parent.delivery_detail_id = lpn.delivery_detail_id(+)
and wda.delivery_id = wnd.delivery_id
AND oel.ship_from_org_id        = mp.organization_id
AND mp.organization_id          = hou.organization_id
AND hou.location_id             = sf_hl.location_id
AND wda.delivery_id = :P_DELIV_ID
GROUP BY OEH.ORDER_NUMBER, WND.name, WC.FREIGHT_CODE, PARTY.PARTY_NAME,
oel.ordered_item, nvl(lpn.license_plate_number,lpn_parent.license_plate_number), 
WDD.SRC_REQUESTED_QUANTITY_UOM,WDD.LOT_NUMBER,WDD.SERIAL_NUMBER, MIL.CONCATENATED_SEGMENTS,oeh.SHIPPING_INSTRUCTIONS,
sites.attribute2,OEL.INVOICE_TO_ORG_ID,CUST_SITE.CUST_ACCT_SITE_ID,wdd.SOURCE_HEADER_ID,wdd.shipping_instructions,wnd.delivery_id,
wdd.SOURCE_HEADER_ID,wdd.move_order_line_id
]]>
</sqlStatement>
<sqlStatement name="G_ORDER_SHORT_TEXT">
<![CDATA[
select distinct st.short_text order_short_text,
	description order_attach_desc,
	PK1_VALUE ORDER_ATTACH_PK, 
	datatype_name order_attach_dtype,FNDATTFN.FUNCTION_NAME,FNDATTDOC.ENTITY_NAME
from 
	 fnd_attachment_functions fndattfn,
	 fnd_doc_category_usages fndcatusg,
	 fnd_documents_vl fnddoc,
	 fnd_attached_documents fndattdoc,
	 fnd_documents_short_text st,
	 fnd_document_categories_vl fdc -- Added by AA to restrcit category 'Short Text'
where	fndattfn.attachment_function_id=fndcatusg.attachment_function_id and 
		fndcatusg.category_id=fnddoc.category_id and 
		FNDDOC.DOCUMENT_ID=FNDATTDOC.DOCUMENT_ID and 
		FNDATTFN.FUNCTION_NAME='WSHRDPIK' and 
		FNDATTDOC.ENTITY_NAME='OE_ORDER_HEADERS' and 
		FNDDOC.MEDIA_ID=ST.MEDIA_ID and
		FNDDOC.CATEGORY_ID =FDC.CATEGORY_ID and
        fdc.user_name NOT IN ('Short Text')
]]>
</sqlStatement>
<sqlStatement name="G_DEL_SHORT_TEXT">
<![CDATA[
select st.short_text del_short_text,
	description del_line_attach_desc, 
	pk1_value del_line_attach_pk, 
	datatype_name del_line_attach_dtype
from 
	 fnd_attachment_functions fndattfn,
	 fnd_doc_category_usages fndcatusg,
	 fnd_documents_vl fnddoc,
	 fnd_attached_documents fndattdoc,
	 fnd_documents_short_text st
where	fndattfn.attachment_function_id=fndcatusg.attachment_function_id and 
		fndcatusg.category_id=fnddoc.category_id and 
		fnddoc.document_id=fndattdoc.document_id and 
		fndattfn.function_name='WSHRDPIK' and 
		fndattdoc.entity_name='WSH_NEW_DELIVERIES' and 
		fnddoc.media_id=st.media_id
]]>
</sqlStatement>
<sqlStatement name="G_DD_SHORT_TEXT">
<![CDATA[
select st.short_text dd_short_text2,
	description dd_line_attach_desc2,
	PK1_VALUE DD_LINE_ATTACH_PK3,
	DATATYPE_NAME DD_LINE_ATTACH_DTYPE,WDD1.SOURCE_HEADER_ID,WDD1.MOVE_ORDER_LINE_ID
from 
	 fnd_attachment_functions fndattfn,
	 fnd_doc_category_usages fndcatusg,
	 fnd_documents_vl fnddoc,
	 fnd_attached_documents fndattdoc,
	 FND_DOCUMENTS_SHORT_TEXT ST,
	 WSH_DELIVERY_DETAILS WDD1
where	fndattfn.attachment_function_id=fndcatusg.attachment_function_id and 
		fndcatusg.category_id=fnddoc.category_id and 
		fnddoc.document_id=fndattdoc.document_id and 
		fndattfn.function_name='WSHRDPIK' and 
		FNDATTDOC.ENTITY_NAME='WSH_DELIVERY_DETAILS' and 
		FNDDOC.MEDIA_ID=ST.MEDIA_ID and 
		NVL(LINE_DIRECTION, 'O') in ('O', 'IO') and
		PK1_VALUE = TO_CHAR(WDD1.DELIVERY_DETAIL_ID)
]]>
</sqlStatement>
<link name="TAG_TYPE_LINK" parentQuery="Q_XXHA_DROP_REPORT" parentColumn="SOURCE_HEADER_ID" childQuery="G_ORDER_SHORT_TEXT" childColumn="ORDER_ATTACH_PK" condition="="/>  
<link name="TAG_TYPE_LINK1" parentQuery="Q_XXHA_DROP_REPORT" parentColumn="DELIVERY_CHR" childQuery="G_DEL_SHORT_TEXT" childColumn="DEL_LINE_ATTACH_PK" condition="="/>  
<link name="TAG_TYPE_LINK2" parentQuery="Q_XXHA_DROP_REPORT" parentColumn="SOURCE_HEADER_ID_DEL_LINE_DET" childQuery="G_DD_SHORT_TEXT" childColumn="SOURCE_HEADER_ID" condition="="/>  
<link name="TAG_TYPE_LINK2" parentQuery="Q_XXHA_DROP_REPORT" parentColumn="MOVE_ORDER_LINE_ID1" childQuery="G_DD_SHORT_TEXT" childColumn="MOVE_ORDER_LINE_ID" condition="="/>  
</dataQuery>
<dataStructure>
<group name="G_XXHA_DROP_REPORT" source="Q_XXHA_DROP_REPORT">
<element name="ORDER_NUMBER" value="ORDER_NUMBER" />
<element name="NAME" value="NAME" />
<element name="FREIGHT_CODE" value="FREIGHT_CODE" />
<element name="PARTY_NAME" value="PARTY_NAME" />
<element name="ORDERED_ITEM" value="ORDERED_ITEM" />
<element name="LICENSE_PLATE_NUMBER" value="LICENSE_PLATE_NUMBER" />
<element name="SRC_REQUESTED_QUANTITY_UOM" value="SRC_REQUESTED_QUANTITY_UOM" />
<element name="CASE_QUANTITY" value="CASE_QUANTITY" />
<element name="LOT_NUMBER" value="LOT_NUMBER" />
<element name="SERIAL_NUMBER" value="SERIAL_NUMBER" />
<element name="LANE" value="LANE" />
<element name="CP_SHIPPING_INSTRUCTIONS" value="CP_SHIPPING_INSTRUCTIONS" />
<element name="CF_ST_CUSTOMER_NOTES" value="CF_ST_CUSTOMER_NOTES" />
<element name="CF_BT_CUSTOMER_NOTES" value="CF_BT_CUSTOMER_NOTES" />
<element name="SOURCE_HEADER_ID" value="SOURCE_HEADER_ID" />
<element name="SHIPPING_INSTRUCTIONS" value="SHIPPING_INSTRUCTIONS" />
<element name="DELIVERY_CHR" value="DELIVERY_CHR" />
</group>
 <group name="G_ORDER_SHORT_TEXT" source="G_ORDER_SHORT_TEXT">
 <element name="ORDER_SHORT_TEXT" value="ORDER_SHORT_TEXT" />
 <element name="ORDER_ATTACH_DESC" value="ORDER_ATTACH_DESC" />
 <element name="ORDER_ATTACH_PK" value="ORDER_ATTACH_PK" />
 </group>
 <group name="G_DEL_SHORT_TEXT" source="G_DEL_SHORT_TEXT">
 <element name="DEL_SHORT_TEXT" value="DEL_SHORT_TEXT" />
 <element name="DEL_LINE_ATTACH_DESC" value="DEL_LINE_ATTACH_DESC" />
 <element name="DEL_LINE_ATTACH_PK" value="DEL_LINE_ATTACH_PK" />
 </group>
  <group name="G_DD_SHORT_TEXT" source="G_DD_SHORT_TEXT">
 <element name="DD_SHORT_TEXT2" value="DD_SHORT_TEXT2" />
 <element name="DD_LINE_ATTACH_DESC2" value="DD_LINE_ATTACH_DESC2" />
 <element name="DD_LINE_ATTACH_PK3" value="DD_LINE_ATTACH_PK3" />
 </group>
</dataStructure>
</dataTemplate> 