<?xml version="1.0" encoding="UTF-8"?>
<xapi:requestset xmlns:xapi="http://xmlns.oracle.com/oxp/xapi">
<xapi:request select="/XXHA_WD_EMPLOYEE_NEW_AUDIT/LIST_G_P_EMAIL1/G_P_EMAIL1">
<xapi:delivery>
<xapi:email server="${EMAIL_SERVER_}" port="${EMAIL_PORT_}" from="ebsmailer-haeprd@haemonetics.com" reply-to ="">
<xapi:message id="123" to="${EMAIL_ADDRESS_}" cc="" attachment="true" content-type="text/html" subject="Please review - Work Day New Employee Audit for ${SYSDATE_}"><![CDATA[
     <html>
          <body>
		       <font face="Tahoma" size="2">
		       <p>Hi,</p>
			   <p>Attached is a list of all new Employee transactions for ${SYSDATE_}.  Please review at your earliest convenience.</p>
			   <p></p>
			   </font>
			   </body>
     </html>]]>
</xapi:message>
</xapi:email>
</xapi:delivery>
<xapi:document output="WD_EMPLOYEE_NEW_AUDIT_${SYSDATE_}" output-type="excel" delivery="123">
<xapi:template type="rtf" location="xdo://HAEMO.XXHA_WD_EMPLOYEE_NEW_AUDIT.en.US/?getSource=true" filter="">
</xapi:template>
</xapi:document>
</xapi:request>
</xapi:requestset>