<?xml version="1.0" encoding="UTF-8"?>
<xapi:requestset xmlns:xapi="http://xmlns.oracle.com/oxp/xapi">
<xapi:request select="/XXHA_SUPERVISOR_ALERT/LIST_G_SUPERVISOR/G_SUPERVISOR">
<xapi:delivery>
<xapi:email server="${EMAIL_SERVER}" port="${EMAIL_PORT}" from="ebsmailer-haeprd@haemonetics.com" reply-to ="">
<xapi:message id="123" to="${SUPERVISOR_EMAIL}" cc="" attachment="true" content-type="text/html" subject="Please review your manager 'all-in' monthly staff resource verification report"><![CDATA[
     <html>
          <body>
		       <font face="Tahoma" size="2">
		       <p>${SUPERVISOR_FIRSTNAME} ${SUPERVISOR_LASTNAME},</p>
			   <p>Attached is a list of all the people that report to you in our HR system. Please take a moment to verify this list to ensure that your team is accurately reflected in our corporate HR database.</p>
			   <p></p>
			   <p>This list will be sent to you on a monthly basis, and you will be accountable for ensuring that all staff -- employee or contingent -- are categorized accurately, and that the end dates for your contingent staff are managed appropriately. If an employee is no longer active or has transitioned to another supervisor, please complete an employee status change form to initiate the appropriate change.  If a contingent worker is no longer active, then please process the change online.  If the listing is accurate, no further action is required.</p>
			   <p></p>
			   <p>Note: You may view additional information about your employees at any time by logging into ${CF_ORACLE_LINK_NAME} via the Oracle eBS link on HaemoNet, or by using the link below.</p>
			   <p></p>
			   ${CF_ORACLE_LINK}
			   </font>
			   </body>
     </html>]]>
</xapi:message>
</xapi:email>
</xapi:delivery>
<xapi:document output="${SUPERVISOR_NAME}_ManagersReport" output-type="excel" delivery="123">
<xapi:template type="rtf" location="xdo://HAEMO.XXHA_SUPERVISOR_ALERT.en.US/?getSource=true" filter="">
</xapi:template>
</xapi:document>
</xapi:request>
</xapi:requestset>