<?xml version = '1.0' encoding = 'UTF-8'?>
<!-- +======================================================================+ -->
<!-- |    Copyright (c) 2005, 2016 Oracle and/or its affiliates.           | -->
<!-- |                         All rights reserved.                         | -->
<!-- |                           Version 12.0.0                             | -->
<!-- | 120.0.12000000.4 bug#20720741 Added p_additional_info parameter      | -->
<!-- |                               and replaced tag names with letters    | -->
<!-- +======================================================================+ -->
<!-- $Header: XXHA_JEFRAEAF.xml 120.0.12010000.5 2016/06/15 06:18:01 swagarg noship $ -->
<!-- GSCC_Category="Xdo Data Definition" -->
<dataTemplate name="XXHA_JEFRAEAF" defaultPackage="XXHA_JE_FR_JELINES_RPT_PKG" version="1.0">
<properties><property name="debug_mode" value="on" /></properties>
<properties>
  <property name="db_fetch_size" value="200" />
</properties>
<properties> <property name="include_null_Element" value="false"/> </properties>
<parameters>
   <parameter name="P_RESP_APPLICATION_ID" dataType="number"/>
   <parameter name="P_LEDGER_ID" dataType="number"/>
   <parameter name="P_COA_ID"    dataType="number"/>
   <parameter name="P_LEDGER" dataType="character"/>
   <parameter name="P_LEGAL_ENTITY_ID" dataType="number"/>
   <parameter name="P_LEGAL_ENTITY" dataType="character"/>

   <parameter name="P_TRX_LEGAL_ENTITY_ID" dataType="number"/>
   <parameter name="P_TRX_LEGAL_ENTITY" dataType="character"/>

   <parameter name="P_PERIOD_TYPE" dataType="character"/>
   <parameter name="P_PERIOD_FROM" dataType="character"/>
   <parameter name="P_PERIOD_TO" dataType="character"/>
   <parameter name="P_GL_DATE_FROM" dataType="date"/>
   <parameter name="P_GL_DATE_TO" dataType="date"/>

   <parameter name="P_CREATION_DATE_FROM" dataType="date"/>
   <parameter name="P_CREATION_DATE_TO" dataType="date"/>
   <parameter name="P_TRANSACTION_DATE_FROM" dataType="date"/>
   <parameter name="P_TRANSACTION_DATE_TO" dataType="date"/>

   <parameter name="P_JE_STATUS_CODE" dataType="character"/>
   <parameter name="P_JE_STATUS" dataType="character"/>

   <parameter name="P_POSTING_STATUS_CODE" dataType="character"/>
   <parameter name="P_POSTING_STATUS" dataType="character"/>

   <parameter name="P_JE_SOURCE" dataType="character"/>
   <parameter name="P_JE_SOURCE_NAME" dataType="character"/>

   <parameter name="P_PROCESS_CATEGORY_ROWID" dataType="character"/>
   <parameter name="P_PROCESS_CATEGORY" dataType="character"/>

   <parameter name="P_EVENT_CLASS_ROWID" dataType="character"/>
   <parameter name="P_EVENT_CLASS" dataType="character"/>

   <parameter name="P_ACCT_SEQUENCE_NAME" dataType="character"/>
   <parameter name="P_ACCT_SEQUENCE_VERSION" dataType="number"/>
   <parameter name="P_ACCT_SEQUENCE_NUM_FROM" dataType="number"/>
   <parameter name="P_ACCT_SEQUENCE_NUM_TO" dataType="number"/>

   <parameter name="P_RPT_SEQUENCE_NAME" dataType="character"/>
   <parameter name="P_RPT_SEQUENCE_VERSION" dataType="number"/>
   <parameter name="P_RPT_SEQUENCE_NUM_FROM" dataType="number"/>
   <parameter name="P_RPT_SEQUENCE_NUM_TO" dataType="number"/>

   <parameter name="P_DOC_SEQUENCE_NAME" dataType="character"/>
   <parameter name="P_DOC_SEQUENCE_NUM_FROM" dataType="number"/>
   <parameter name="P_DOC_SEQUENCE_NUM_TO" dataType="number"/>

   <parameter name="P_PARTY_TYPE_CODE" dataType="character"/>
   <parameter name="P_PARTY_TYPE" dataType="character"/>

   <parameter name="P_PARTY_ID" dataType="number"/>
   <parameter name="P_PARTY_NAME" dataType="character"/>

   <parameter name="P_PARTY_NUMBER_FROM" dataType="character"/>
   <parameter name="P_PARTY_NUMBER_TO" dataType="character"/>

   <parameter name="P_JE_CATEGORY" dataType="character"/>
   <parameter name="P_JE_CATEGORY_NAME" dataType="character"/>

   <parameter name="P_BALANCE_TYPE_CODE" dataType="character"/>
   <parameter name="P_BALANCE_TYPE" dataType="character"/>

   <parameter name="P_BUDGET_VERSION_ID" dataType="number"/>
   <parameter name="P_BUDGET_NAME" dataType="character"/>

   <parameter name="P_ENCUMBRANCE_TYPE_ID" dataType="number"/>
   <parameter name="P_ENCUMBRANCE_TYPE" dataType="character"/>

   <parameter name="P_INCLUDE_ZERO_AMOUNT_FLAG" dataType="character"/>
   <parameter name="P_INCLUDE_ZERO_AMOUNT_LINES" dataType="character"/>

   <parameter name="P_ENTERED_CURRENCY" dataType="character"/>

   <parameter name="P_SIDE_CODE" dataType="character"/>
   <parameter name="P_SIDE" dataType="character"/>

   <parameter name="P_ACCOUNTED_AMOUNT_FROM" dataType="number"/>
   <parameter name="P_ACCOUNTED_AMOUNT_TO" dataType="number"/>

   <parameter name="P_BALANCING_SEGMENT_FROM" dataType="character"/>
   <parameter name="P_BALANCING_SEGMENT_TO" dataType="character"/>
   <parameter name="P_ACCOUNT_SEGMENT_FROM" dataType="character"/>
   <parameter name="P_ACCOUNT_SEGMENT_TO" dataType="character"/>
   <parameter name="P_ACCOUNT_FLEXFIELD_FROM" dataType="character"/>
   <parameter name="P_ACCOUNT_FLEXFIELD_TO" dataType="character"/>

   <parameter name="P_VALUATION_METHOD" dataType="character"/>
   <parameter name="P_SECURITY_ID_INT_1" dataType="number"/>
   <parameter name="P_SECURITY_ID_INT_2" dataType="number"/>
   <parameter name="P_SECURITY_ID_INT_3" dataType="number"/>
   <parameter name="P_SECURITY_ID_CHAR_1" dataType="character"/>
   <parameter name="P_SECURITY_ID_CHAR_2" dataType="character"/>
   <parameter name="P_SECURITY_ID_CHAR_3" dataType="character"/>

   <parameter name="P_POST_ACCT_PROGRAM_ROWID" dataType="character"/>
   <parameter name="P_POST_ACCOUNTING_PROGRAM" dataType="character"/>

   <parameter name="P_USER_TRX_ID_COLUMN_1" dataType="character"/>
   <parameter name="P_USER_TRX_ID_COLUMN_2" dataType="character"/>
   <parameter name="P_USER_TRX_ID_COLUMN_3" dataType="character"/>
   <parameter name="P_USER_TRX_ID_COLUMN_4" dataType="character"/>
   <parameter name="P_USER_TRX_ID_COLUMN_5" dataType="character"/>
   <parameter name="P_USER_TRX_ID_VALUE_1" dataType="character"/>
   <parameter name="P_USER_TRX_ID_VALUE_2" dataType="character"/>
   <parameter name="P_USER_TRX_ID_VALUE_3" dataType="character"/>
   <parameter name="P_USER_TRX_ID_VALUE_4" dataType="character"/>
   <parameter name="P_USER_TRX_ID_VALUE_5" dataType="character"/>

   <parameter name="P_GL_BATCH_NAME" dataType="character"/>

   <parameter name="P_INCLUDE_USER_TRX_ID_FLAG" dataType="character"/>
   <parameter name="P_INCLUDE_USER_TRX_IDENTIFIERS" dataType="character"/>

   <parameter name="P_INCLUDE_TAX_DETAILS_FLAG" dataType="character"/>
   <parameter name="P_INCLUDE_TAX_DETAILS" dataType="character"/>

   <parameter name="P_INCLUDE_LE_INFO_FLAG" dataType="character"/>
   <parameter name="P_INCLUDE_LEGAL_ENTITY_INFO" dataType="character"/>
   <parameter name="P_YTD_CARRIEDFWD_FLAG" dataType="character" />    
   <parameter name="P_YTD_CARRIEDFWD_INFO" dataType="character" /> 

   <parameter name="P_TRANSACTION_VIEW" dataType="character"/>
   <parameter name="P_FETCH_FROM_GL" dataType="character"/>
   <parameter name="P_DOC_SEQ_NAME" dataType="character"/>

   <parameter name="P_CUSTOM_PARAMETER_1" dataType="character"/>
   <parameter name="P_CUSTOM_PARAMETER_2" dataType="character"/>
   <parameter name="P_CUSTOM_PARAMETER_3" dataType="character"/>
   <parameter name="P_CUSTOM_PARAMETER_4" dataType="character"/>
   <parameter name="P_CUSTOM_PARAMETER_5" dataType="character"/>
   <parameter name="P_CUSTOM_PARAMETER_6" dataType="character"/>
   <parameter name="P_CUSTOM_PARAMETER_7" dataType="character"/>
   <parameter name="P_CUSTOM_PARAMETER_8" dataType="character"/>
   <parameter name="P_CUSTOM_PARAMETER_9" dataType="character"/>
   <parameter name="P_CUSTOM_PARAMETER_10" dataType="character"/>
   <parameter name="P_CUSTOM_PARAMETER_11" dataType="character"/>
   <parameter name="P_CUSTOM_PARAMETER_12" dataType="character"/>
   <parameter name="P_CUSTOM_PARAMETER_13" dataType="character"/>
   <parameter name="P_CUSTOM_PARAMETER_14" dataType="character"/>
   <parameter name="P_CUSTOM_PARAMETER_15" dataType="character"/>

    <parameter name="P_CUSTOM_PARAMETER_16" dataType="character"/>
    <parameter name="P_CUSTOM_PARAMETER_17" dataType="character"/>
    <parameter name="P_CUSTOM_PARAMETER_18" dataType="character"/>
    <parameter name="P_CUSTOM_PARAMETER_19" dataType="character"/>
    <parameter name="P_CUSTOM_PARAMETER_20" dataType="character"/>
    <parameter name="P_CUSTOM_PARAMETER_21" dataType="character"/>
    <parameter name="P_CUSTOM_PARAMETER_22" dataType="character"/>
    <parameter name="P_CUSTOM_PARAMETER_23" dataType="character"/>
    <parameter name="P_CUSTOM_PARAMETER_24" dataType="character"/>
    <parameter name="P_CUSTOM_PARAMETER_25" dataType="character"/>
    <parameter name="P_CUSTOM_PARAMETER_26" dataType="character"/>
    <parameter name="P_CUSTOM_PARAMETER_27" dataType="character"/>
    <parameter name="P_CUSTOM_PARAMETER_28" dataType="character"/>
    <parameter name="P_CUSTOM_PARAMETER_29" dataType="character"/>
    <parameter name="P_CUSTOM_PARAMETER_30" dataType="character"/>

   <parameter name="P_LEGAL_AUDIT_FLAG" dataType="character"/>
   <parameter name="P_TRX_NUM_FROM" dataType="character"/>   
   <parameter name="P_TRX_NUM_TO" dataType="character"/>  
   <parameter name="P_ORDER_BY" dataType="character"/>
   <parameter name="P_CUSTOM_QUERY_FLAG" dataType="character"/>   
   <parameter name="P_LONG_REPORT" dataType="character" defaultValue="Y"/>
   		<parameter name="P_ADDITIONAL_INFO" dataType="character"/> 
</parameters>
<dataQuery>

<sqlStatement name="Q_JOURNAL_TITLE">  
    <![CDATA[    
		
		select 
		 'JournalCode'     Label1,
         'JournalLib'      Label2,
         'EcritureNum'     Label3,
         'EcritureDate'    Label4,
         'CompteNum'       Label5,
         'CompteLib'       Label6,
         'CompAuxNum'      Label7,
         'CompAuxLib'      Label8,
         'PieceRef'        Label9,
         'PieceDate'       Label10,
         'EcritureLib'     Label11,
         'Debit'           Label12,
         'Credit'          Label13,
         'EcritureLet'     Label14,
         'DateLet'         Label15,
         'ValidDate'       Label16,
         'Montantdevise'   Label17,
         'Idevise'         Label18
		 from 
		 Dual
		
			]]>
   </sqlStatement>

	<sqlStatement name="Q_JOURNAL">  
    <![CDATA[    
	SELECT  &p_select_clause
         FROM  (&p_sla_col_1
                &p_gl_columns
                &p_sla_col_2
                &p_party_details
                &p_sla_qualifier_segment
                &p_sla_col_3
                &p_trx_identifiers_1
                &p_trx_identifiers_2   
                &p_trx_identifiers_3   
                &p_trx_identifiers_4   
                &p_trx_identifiers_5 
                &p_sla_legal_ent_col
                &p_sla_from
                &p_sla_seg_desc_from
                &p_gl_view
                &p_sla_legal_ent_from
                &p_party_from               
                &p_sla_join
                &p_sla_seg_desc_join
                &p_other_param_filter
                &p_gl_join
                &p_sla_legal_ent_join
                &p_party_join
                &p_union_all
                &p_gl_col_1
                &p_gl_party_details
                &p_gl_qualifier_segment
                &p_gl_col_2
                &p_gl_legal_ent_col
                &p_gl_from
                &p_gl_seg_desc_from
                &p_gl_legal_ent_from
                &p_gl_where
                &p_gl_seg_desc_join
	            &p_gl_legal_ent_join
	            &p_other_union) TABLE1
	            &p_le_from
        WHERE
           1 = 1
          &p_trx_id_filter
          &p_le_join
          &p_where_clause
          ORDER BY 
		  &p_orderby_clause
	
	]]>
   </sqlStatement>
</dataQuery>
<dataTrigger name="beforeReport" source="XXHA_JE_FR_JELINES_RPT_PKG.beforeReport"/>
<dataStructure>
<group name="G_JOURNAL_TITLE" source="Q_JOURNAL_TITLE">
           <element name="Label1"  value="Label1"/>
           <element name="Label2"  value="Label2"/>
           <element name="Label3"  value="Label3"/>
           <element name="Label4"  value="Label4"/>
           <element name="Label5"  value="Label5"/>
           <element name="Label6"  value="Label6"/>
           <element name="Label7"  value="Label7"/>
           <element name="Label8"  value="Label8"/>
           <element name="Label9"  value="Label9"/>
           <element name="Label10" value="Label10"/>
           <element name="Label11" value="Label11"/>
           <element name="Label12" value="Label12"/>
           <element name="Label13" value="Label13"/>
           <element name="Label14" value="Label14"/>
           <element name="Label15" value="Label15"/>
           <element name="Label16" value="Label16"/>
           <element name="Label17" value="Label17"/>
           <element name="Label18" value="Label18"/>        
</group>

<group name="G_JOURNAL_HEADER" source="Q_JOURNAL">
                        <element name="A" value="HEADER_ID"/>
			<element name="B" value="PERIOD_NUMBER"/>
			<element name="C" value="JE_CATEGORY_NAME"/>
			<element name="D" value="JE_CATEGORY_DESCRIPTION"/>
			<element name="E" value="USER_JE_CATEGORY_NAME"/>
			<element name="F" value="JE_SOURCE"/>
			<element name="G" value="JE_NAME"/>
			<element name="H" value="REPORTING_SEQUENCE_NAME"/>
			<element name="I" value="REPORTING_SEQUENCE_NUMBER"/>
			<element name="J" value="DOCUMENT_SEQUENCE_NAME"/>
			<element name="K" value="DOCUMENT_SEQUENCE_NUMBER"/>
			<element name="L" value="ACCOUNTING_SEQUENCE_NAME"/>
			<element name="M" value="ACCOUNTING_SEQUENCE_NUMBER"/>
			<element name="N" value="GL_DATE"/>
			<element name="O" value="POSTED_DATE"/>
			<group name="G_JOURNAL_LINE" source="Q_JOURNAL">
				<element name="P" value="NATURAL_ACCOUNT_SEGMENT"/>
				<element name="Q" value="NATURAL_ACCOUNT_DESC"/>
				<element name="R" value="ACCOUNTING_CODE_COMBINATION"/>
				<element name="S" value="CODE_COMBINATION_DESCRIPTION"/>
				<element name="T" value="PARTY_NUMBER"/>
				<element name="U" value="PARTY_NAME"/>
				<element name="V" value="TRANSACTION_NUMBER"/>
				<element name="W" value="TRANSACTION_DATE"/>
				<element name="X" value="LINE_NUMBER"/>
				<element name="Y" value="LINE_DESCRIPTION"/>
				<element name="Z" value="ACCOUNTED_DR"/>
				<element name="AA" value="ACCOUNTED_CR"/>
				<element name="BB" value="RECONCILIATION_REFERENCE"/>
				<element name="CC" value="RECONCILIATION_DATE"/>
				<element name="DD" value="JGZZ_RECON_ID"/>
				<element name="EE" value="ENTERED_AMT"/>
				<element name="FF" value="ENTERED_CURRENCY"/>		
                           </group>		  
     </group>
</dataStructure>
</dataTemplate>
