<?xml version="1.0" encoding="UTF-8"?>
<xapi:requestset xmlns:xapi="http://xmlns.oracle.com/oxp/xapi">
<xapi:request select="/XXHA_SERV_REQ_CLOSE/LIST_G_ORG_ID/G_ORG_ID">
<xapi:delivery>
<xapi:email server="${EMAIL_SERVER}" port="${EMAIL_PORT}" from="ebsmailer-haeprd@haemonetics.com" reply-to ="">
<xapi:message id="123" to="${EMAIL_ADDRESS}" cc="" attachment="true" content-type="text/html" subject="Service Request Batch Closure Report for ${ORG_NAME} (${MESSAGE})"><![CDATA[
	<html>
		<body>
		       <font face="Tahoma" size="2">
			   <p>Hello,</p>
			   <p></p>
			   <p>	Attached is the Service Request Batch Closure Report for ${ORG_NAME} (${MESSAGE}).  Please review at your earliest convenience.</p>
			   <p></p>
			   </font>
		</body>
	</html>]]>
</xapi:message>
</xapi:email>
</xapi:delivery>
<xapi:document output="SERVICE_BATCH_CLOSURE_RPT_${ORG_NAME}_${PROCESS}" output-type="excel" delivery="123">
<xapi:template type="rtf" location="xdo://HAEMO.XXHA_SERV_REQ_CLOSE_RPT.en.US/?getSource=true" filter="">
</xapi:template>
</xapi:document>
</xapi:request>
</xapi:requestset>