<?xml version = '1.0' encoding = 'UTF-8'?>
<!-- $Header: XLAAARPT.xml 120.29.12010000.16 2011/07/26 10:49:51 vgopiset ship $ -->
<!-- dbdrv: exec java oracle/apps/xdo/oa/util XDOLoader.class java &phase=dat checkfile:~PROD:patch/115/publisher/defs:XLAAARPT.xml UPLOAD -DB_USERNAME &un_apps -DB_PASSWORD &pw_apps -JDBC_CONNECTION &jdbc_db_addr -LOB_TYPE DATA_TEMPLATE -APPS_SHORT_NAME ~PROD -LOB_CODE XLAAARPT -LANGUAGE 00 -XDO_FILE_TYPE XML-DATA-TEMPLATE -FILE_NAME &fullpath:~PROD:patch/115/publisher/defs:XLAAARPT.xml -->
<!-- dbdrv: exec java oracle/apps/xdo/oa/util XDOLoader.class java &phase=dat checkfile:~PROD:patch/115/publisher/defs:XLAAARPT.xml UPLOAD -DB_USERNAME &un_apps -DB_PASSWORD &pw_apps -JDBC_CONNECTION &jdbc_db_addr -LOB_TYPE DATA_TEMPLATE -APPS_SHORT_NAME JG -LOB_CODE JGSLAAAR -LANGUAGE 00 -XDO_FILE_TYPE XML-DATA-TEMPLATE -FILE_NAME &fullpath:~PROD:patch/115/publisher/defs:XLAAARPT.xml -->
<!-- dbdrv: exec java oracle/apps/xdo/oa/util XDOLoader.class java &phase=dat checkfile:~PROD:patch/115/publisher/defs:XLAAARPT.xml UPLOAD -DB_USERNAME &un_apps -DB_PASSWORD &pw_apps -JDBC_CONNECTION &jdbc_db_addr -LOB_TYPE DATA_TEMPLATE -APPS_SHORT_NAME CLA -LOB_CODE CLACNGLLEDGER -LANGUAGE 00 -XDO_FILE_TYPE XML-DATA-TEMPLATE -FILE_NAME &fullpath:~PROD:patch/115/publisher/defs:XLAAARPT.xml -->   
<!-- dbdrv: exec java oracle/apps/xdo/oa/util XDOLoader.class java &phase=dat checkfile:~PROD:patch/115/publisher/defs:XLAAARPT.xml UPLOAD -DB_USERNAME &un_apps -DB_PASSWORD &pw_apps -JDBC_CONNECTION &jdbc_db_addr -LOB_TYPE DATA_TEMPLATE -APPS_SHORT_NAME CLA -LOB_CODE CLACNGLDAILYCASH -LANGUAGE 00 -XDO_FILE_TYPE XML-DATA-TEMPLATE -FILE_NAME &fullpath:~PROD:patch/115/publisher/defs:XLAAARPT.xml --> 
<!-- GSCC_Category="Xdo Data Definition" -->
<dataTemplate name="XLAAARPT" defaultPackage="XLA_ACCT_ANALYSIS_RPT_PKG" version="1.0">
<properties>
  <property name="db_fetch_size" value="400" />
</properties>
<properties> <property name="include_null_Element" value="false"/> </properties>
  <parameters>
    <parameter name="P_RESP_APPLICATION_ID" dataType="number"/>
    <parameter name="P_LEDGER_ID" dataType="character"/>
    <parameter name="P_LEDGER" dataType="character"/>
    <parameter name="P_COA_ID" dataType="number"/>
    <parameter name="P_LEGAL_ENTITY_ID" dataType="number"/>
    <parameter name="P_LEGAL_ENTITY" dataType="character"/>
    <parameter name="P_PERIOD_FROM" dataType="character"/>
    <parameter name="P_PERIOD_TO" dataType="character"/>
    <parameter name="P_GL_DATE_FROM" dataType="date"/>
    <parameter name="P_GL_DATE_TO" dataType="date"/>
    <parameter name="P_BALANCE_TYPE_CODE" dataType="character"/>
    <parameter name="P_BALANCE_TYPE" dataType="character"/>
    <parameter name="P_DUMMY_BUDGET_VERSION" dataType="character"/>
    <parameter name="P_BUDGET_VERSION_ID" dataType="number"/>
    <parameter name="P_BUDGET_NAME" dataType="character"/>
    <parameter name="P_DUMMY_ENCUMBRANCE_TYPE" dataType="character"/>
    <parameter name="P_ENCUMBRANCE_TYPE_ID" dataType="number"/>
    <parameter name="P_ENCUMBRANCE_TYPE" dataType="character"/>
    <parameter name="P_BALANCE_SIDE_CODE" dataType="character"/>
    <parameter name="P_BALANCE_SIDE" dataType="character"/>
    <parameter name="P_BALANCE_AMOUNT_FROM" dataType="number"/>
    <parameter name="P_BALANCE_AMOUNT_TO" dataType="number"/>
    <parameter name="P_BALANCING_SEGMENT_FROM" dataType="character"/>
    <parameter name="P_BALANCING_SEGMENT_TO" dataType="character"/>
    <parameter name="P_ACCOUNT_SEGMENT_FROM" dataType="character"/>
    <parameter name="P_ACCOUNT_SEGMENT_TO" dataType="character"/>
    <parameter name="P_ACCOUNT_FLEXFIELD_FROM" dataType="character"/>
    <parameter name="P_ACCOUNT_FLEXFIELD_TO" dataType="character"/>
    <parameter name="P_INCLUDE_ZERO_AMOUNT_LINES" dataType="character"/>
    <parameter name="P_INCLUDE_ZERO_AMT_LINES" dataType="character"/>
    <parameter name="P_INCLUDE_USER_TRX_ID_FLAG" dataType="character"/>
    <parameter name="P_INCLUDE_USER_TRX_ID" dataType="character"/>
    <parameter name="P_INCLUDE_TAX_DETAILS_FLAG" dataType="character"/>
    <parameter name="P_INCLUDE_TAX_DETAILS" dataType="character"/>
    <parameter name="P_INCLUDE_LE_INFO_FLAG" dataType="character"/>
    <parameter name="P_INCLUDE_LEGAL_ENTITY" dataType="character"/>
    <parameter name="P_CUSTOM_PARAMETER_1" dataType="character"/>
    <parameter name="P_CUSTOM_PARAMETER_2" dataType="character"/>
    <parameter name="P_CUSTOM_PARAMETER_3" dataType="character"/>
    <parameter name="P_CUSTOM_PARAMETER_4" dataType="character"/>
    <parameter name="P_CUSTOM_PARAMETER_5" dataType="character"/>
    <parameter name="P_CUSTOM_PARAMETER_6" dataType="character"/>
    <parameter name="P_CUSTOM_PARAMETER_7" dataType="character"/>
    <parameter name="P_CUSTOM_PARAMETER_8" dataType="character"/>
    <parameter name="P_CUSTOM_PARAMETER_9" dataType="character"/>
    <parameter name="P_CUSTOM_PARAMETER_10" dataType="character"/>
    <parameter name="P_CUSTOM_PARAMETER_11" dataType="character"/>
    <parameter name="P_CUSTOM_PARAMETER_12" dataType="character"/>
    <parameter name="P_CUSTOM_PARAMETER_13" dataType="character"/>
    <parameter name="P_CUSTOM_PARAMETER_14" dataType="character"/>
    <parameter name="P_CUSTOM_PARAMETER_15" dataType="character"/>
    <!-- 16-30 Custom Parameters added for bug12699905 -->
    <parameter name="P_CUSTOM_PARAMETER_16" dataType="character"/>
    <parameter name="P_CUSTOM_PARAMETER_17" dataType="character"/>
    <parameter name="P_CUSTOM_PARAMETER_18" dataType="character"/>
    <parameter name="P_CUSTOM_PARAMETER_19" dataType="character"/>
    <parameter name="P_CUSTOM_PARAMETER_20" dataType="character"/>
    <parameter name="P_CUSTOM_PARAMETER_21" dataType="character"/>
    <parameter name="P_CUSTOM_PARAMETER_22" dataType="character"/>
    <parameter name="P_CUSTOM_PARAMETER_23" dataType="character"/>
    <parameter name="P_CUSTOM_PARAMETER_24" dataType="character"/>
    <parameter name="P_CUSTOM_PARAMETER_25" dataType="character"/>
    <parameter name="P_CUSTOM_PARAMETER_26" dataType="character"/>
    <parameter name="P_CUSTOM_PARAMETER_27" dataType="character"/>
    <parameter name="P_CUSTOM_PARAMETER_28" dataType="character"/>
    <parameter name="P_CUSTOM_PARAMETER_29" dataType="character"/>
    <parameter name="P_CUSTOM_PARAMETER_30" dataType="character"/>
    <!-- end of changes for bug12699905 -->    
    <parameter name="P_INCLUDE_STAT_AMOUNT_LINES" dataType="character"/>
    <parameter name="P_INCLUDE_STAT_AMT_LINES" dataType="character"/>
    <parameter name="P_INCLUDE_ACCT_WITH_NO_ACT" dataType="character"/>
    <parameter name="P_INC_ACCT_WITH_NO_ACT" dataType="character"/>
    <parameter name="P_APPLICATION_ID" dataType="number"/>
    <parameter name="P_JE_SOURCE_NAME" dataType="character"/>
    <parameter name="P_LONG_REPORT" dataType="character" defaultValue="Y"/>
  </parameters>
<dataQuery>
    <sqlStatement name="Q_RUN_LONG_REPORT">
   <![CDATA[
        SELECT 'Y' L_RUN_LONG_REPORT
        FROM DUAL
        WHERE NVL(:P_LONG_REPORT,'Y') = 'Y'
    ]]>

    </sqlStatement>
    <sqlStatement name="Q_RUN_SHORT_REPORT">
    <![CDATA[ 
        SELECT 'Y' L_RUN_SHORT_REPORT
        FROM DUAL 
        WHERE :P_LONG_REPORT = 'N'
    ]]>       
    </sqlStatement>

   <sqlStatement name="Q_LONG_REPORT">
     <![CDATA[
   
  SELECT
       &p_main_col_start
       &p_main_lgr_sgmt_col
       &p_main_le_col
       &p_je_source_period
       &p_main_col_end
	  ,xxha_acct_analysis.get_po_dtl(transaction_number,header_id,ORIG_LINE_NUMBER,JE_CATEGORY_NAME,'PONUMBER',event_class_code,TRANSACTION_DATE )PO
	  ,xxha_acct_analysis. get_party_info (transaction_number,JE_SOURCE_NAME,'TYPE') XXHA_PARTY_TYPE
	  ,xxha_acct_analysis. get_party_info (transaction_number,JE_SOURCE_NAME,'NAME') XXHA_PARTY_NAME
	  ,xxha_acct_analysis. get_party_info (transaction_number,JE_SOURCE_NAME,'NUMBER') XXHA_PARTY_NUMBER
	  ,xxha_acct_analysis. get_ship_customer_info (transaction_number,header_id,ORIG_LINE_NUMBER,JE_SOURCE_NAME,'NAME') XXHA_SHIP_CUSTOMER_NAME
	  ,xxha_acct_analysis. get_ship_customer_info (transaction_number,header_id,ORIG_LINE_NUMBER,JE_SOURCE_NAME,'NUMBER') XXHA_SHIP_CUSTOMER_NUMBER
  FROM
     (   &p_sla_col_start
         &p_party_columns
	 &p_trx_identifiers_1
	 &p_trx_identifiers_2
	 &p_trx_identifiers_3
	 &p_trx_identifiers_4
	 &p_trx_identifiers_5
         &p_gt_lgr_sgmt_col
	 &p_gt_le_col
	 &p_sla_col_end

	 &p_sla_from
	 WHERE   
	 &p_ledger_filters
         &p_sla_main_filter
         &p_sla_other_filter
         &p_sla_application_id_filter

	 &p_union_all
	 &p_gl_col_start
         &p_gt_lgr_sgmt_col
	 &p_gt_le_col
	 &p_gl_col_end

	 &p_gl_from
	 &p_gl_main_filter
	 &p_gl_other_filter
	 &p_gl_application_id_filter

	 &p_union_all
	 &p_gl_col_start
	 &p_gt_lgr_sgmt_col
	 &p_gt_le_col
	 &p_gl_col_end
	 
	 &p_upg_gl_from
	 &p_upg_gl_main_filter
	 &p_gl_other_filter
	 &p_gl_application_id_filter

	 &p_begin_balance_union_all

     )TABLE1
     WHERE :L_RUN_LONG_REPORT = 'Y'
     &p_order_by_clause

  ]]>
</sqlStatement>

<sqlStatement name="Q_TAX">
        <![CDATA[ &p_tax_query  ]]>

</sqlStatement>
<sqlStatement name="Q_COMMERCIAL">
         <![CDATA[ &p_commercial_query  ]]>
</sqlStatement>
<sqlStatement name="Q_VAT_REGISTRATION">
         <![CDATA[ &p_vat_registration_query  ]]>
</sqlStatement>

   <sqlStatement name="Q_SHORT_REPORT">
     <![CDATA[

  SELECT
       &p_main_col_start
       &p_main_lgr_sgmt_col
       &p_main_le_col
       &p_je_source_period
       &p_main_col_end
  FROM
     (   &p_sla_col_start
         &p_party_columns
	 &p_trx_identifiers_1
	 &p_trx_identifiers_2
	 &p_trx_identifiers_3
	 &p_trx_identifiers_4
	 &p_trx_identifiers_5
         &p_gt_lgr_sgmt_col
	 &p_gt_le_col
	 &p_sla_col_end

	 &p_sla_from
	 WHERE   
	 &p_ledger_filters
         &p_sla_main_filter
         &p_sla_other_filter
         &p_sla_application_id_filter

	 &p_union_all
	 &p_gl_col_start
         &p_gt_lgr_sgmt_col
	 &p_gt_le_col
	 &p_gl_col_end

	 &p_gl_from
	 &p_gl_main_filter
	 &p_gl_other_filter
	 &p_gl_application_id_filter

	 &p_union_all
	 &p_gl_col_start
	 &p_gt_lgr_sgmt_col
	 &p_gt_le_col
	 &p_gl_col_end
	 
	 &p_upg_gl_from
	 &p_upg_gl_main_filter
	 &p_gl_other_filter
	 &p_gl_application_id_filter

	 &p_begin_balance_union_all

     )TABLE1
     WHERE :L_RUN_SHORT_REPORT = 'Y'
     &p_order_by_clause

  ]]>
</sqlStatement>

</dataQuery>
<dataTrigger name="beforeReport" source="XLA_ACCT_ANALYSIS_RPT_PKG.beforeReport"/>

<dataStructure>
 <group name="G_RUN_LONG_REPORT" source="Q_RUN_LONG_REPORT">
   <element name="L_RUN_LONG_REPORT" value="L_RUN_LONG_REPORT"/>
<group name="BALANCE_CCID" source = "Q_LONG_REPORT">
 <element name="LEDGER_ID"                             value="LEDGER_ID"/>
 <element name="LEDGER_SHORT_NAME"                     value="LEDGER_SHORT_NAME"/>
 <element name="LEDGER_DESCRIPTION"                    value="LEDGER_DESCRIPTION"/>
 <element name="LEDGER_NAME"                           value="LEDGER_NAME"/>
 <element name="LEDGER_CURRENCY"                       value="LEDGER_CURRENCY"/>
 <element name="BALANCE_TYPE_CODE"                     value="BALANCE_TYPE_CODE"/>
 <element name="BALANCE_TYPE"                          value="BALANCE_TYPE"/>
 <element name="BUDGET_NAME"                           value="BUDGET_NAME"/>
 <element name="ENCUMBRANCE_TYPE"                      value="ENCUMBRANCE_TYPE"/>
 <element name="LEDGER_SUM_PR_DR"                      value="ACCT_SUM_PR_DR"    function="SUM()"/>
 <element name="LEDGER_SUM_PR_CR"                      value="ACCT_SUM_PR_CR"    function="SUM()"/>
 <element name="LEDGER_SUM_BAL_DR"                     value="ACCT_SUM_BAL_DR"   function="SUM()"/>
 <element name="LEDGER_SUM_BAL_CR"                     value="ACCT_SUM_BAL_CR"   function="SUM()"/>
    <group name="CCID_S" source = "Q_LONG_REPORT">
     <element name="CODE_COMBINATION_ID"                   value="CODE_COMBINATION_ID"/>
     <element name="ACCOUNTING_CODE_COMBINATION"           value="ACCOUNTING_CODE_COMBINATION"/>
     <element name="CODE_COMBINATION_DESCRIPTION"          value="CODE_COMBINATION_DESCRIPTION"/>
     <element name="ACCT_SUM_PR_DR"                        value="PERIOD_NET_DR"    function="SUM()"/>
     <element name="ACCT_SUM_PR_CR"                        value="PERIOD_NET_CR"    function="SUM()"/>
     <element name="ACCT_SUM_BAL_DR"                       value="BEGIN_BALANCE_DR" function="SUM()"/>
     <element name="ACCT_SUM_BAL_CR"                       value="BEGIN_BALANCE_CR" function="SUM()"/>
          <group name="PERIOD_S" source = "Q_LONG_REPORT">
           <element name="PERIOD_YEAR"                           value="PERIOD_YEAR"/>
           <element name="PERIOD_NUMBER"                         value="PERIOD_NUMBER"/>
           <element name="PERIOD_NAME"                           value="PERIOD_NAME"/>
           <element name="PERIOD_START_DATE"                     value="PERIOD_START_DATE"/>
           <element name="PERIOD_END_DATE"                       value="PERIOD_END_DATE"/>
           <element name="BEGIN_BALANCE_DR"                      value="BEGIN_BALANCE_DR"/>
           <element name="BEGIN_BALANCE_CR"                      value="BEGIN_BALANCE_CR"/>
           <element name="PERIOD_NET_DR"                         value="PERIOD_NET_DR"/>
           <element name="PERIOD_NET_CR"                         value="PERIOD_NET_CR"/>
           <element name="JE_SOURCE_PERIOD_DR" 	                 value="JE_SOURCE_PERIOD_DR"/>
           <element name="JE_SOURCE_PERIOD_CR"                   value="JE_SOURCE_PERIOD_CR"/>
           <element name="CONTROL_ACCOUNT_FLAG"                  value="CONTROL_ACCOUNT_FLAG"/>
           <element name="CONTROL_ACCOUNT"                       value="CONTROL_ACCOUNT"/>
           <element name="BALANCING_SEGMENT"                     value="BALANCING_SEGMENT"/>
           <element name="NATURAL_ACCOUNT_SEGMENT"               value="NATURAL_ACCOUNT_SEGMENT"/>
           <element name="COST_CENTER_SEGMENT"                   value="COST_CENTER_SEGMENT"/>
           <element name="MANAGEMENT_SEGMENT"                    value="MANAGEMENT_SEGMENT"/>
           <element name="INTERCOMPANY_SEGMENT"                  value="INTERCOMPANY_SEGMENT"/>
           <element name="BALANCING_SEGMENT_DESC"                value="BALANCING_SEGMENT_DESC"/>
           <element name="NATURAL_ACCOUNT_DESC"                  value="NATURAL_ACCOUNT_DESC"/>
           <element name="COST_CENTER_DESC"                      value="COST_CENTER_DESC"/>
           <element name="MANAGEMENT_SEGMENT_DESC"               value="MANAGEMENT_SEGMENT_DESC"/>
           <element name="INTERCOMPANY_SEGMENT_DESC"             value="INTERCOMPANY_SEGMENT_DESC"/>
           <element name="SEGMENT1"                              value="SEGMENT1"/>
           <element name="SEGMENT2"                              value="SEGMENT2"/>
           <element name="SEGMENT3"                              value="SEGMENT3"/>
           <element name="SEGMENT4"                              value="SEGMENT4"/>
           <element name="SEGMENT5"                              value="SEGMENT5"/>
           <element name="SEGMENT6"                              value="SEGMENT6"/>
           <element name="SEGMENT7"                              value="SEGMENT7"/>
           <element name="SEGMENT8"                              value="SEGMENT8"/>
           <element name="SEGMENT9"                              value="SEGMENT9"/>
           <element name="SEGMENT10"                             value="SEGMENT10"/>
           <element name="SEGMENT11"                             value="SEGMENT11"/>
           <element name="SEGMENT12"                             value="SEGMENT12"/>
           <element name="SEGMENT13"                             value="SEGMENT13"/>
           <element name="SEGMENT14"                             value="SEGMENT14"/>
           <element name="SEGMENT15"                             value="SEGMENT15"/>
           <element name="SEGMENT16"                             value="SEGMENT16"/>
           <element name="SEGMENT17"                             value="SEGMENT17"/>
           <element name="SEGMENT18"                             value="SEGMENT18"/>
           <element name="SEGMENT19"                             value="SEGMENT19"/>
           <element name="SEGMENT20"                             value="SEGMENT20"/>
           <element name="SEGMENT21"                             value="SEGMENT21"/>
           <element name="SEGMENT22"                             value="SEGMENT22"/>
           <element name="SEGMENT23"                             value="SEGMENT23"/>
           <element name="SEGMENT24"                             value="SEGMENT24"/>
           <element name="SEGMENT25"                             value="SEGMENT25"/>
           <element name="SEGMENT26"                             value="SEGMENT26"/>
           <element name="SEGMENT27"                             value="SEGMENT27"/>
           <element name="SEGMENT28"                             value="SEGMENT28"/>
           <element name="SEGMENT29"                             value="SEGMENT29"/>
           <element name="SEGMENT30"                             value="SEGMENT30"/>
           <element name="BEGIN_RUNNING_TOTAL_CR"                value="BEGIN_RUNNING_TOTAL_CR"/>
           <element name="BEGIN_RUNNING_TOTAL_DR"                value="BEGIN_RUNNING_TOTAL_DR"/>
           <element name="END_RUNNING_TOTAL_CR"                  value="END_RUNNING_TOTAL_CR"/>
           <element name="END_RUNNING_TOTAL_DR"                  value="END_RUNNING_TOTAL_DR"/>
           <element name="LEGAL_ENTITY_ID"                       value="LEGAL_ENTITY_ID"/>
           <element name="LEGAL_ENTITY_NAME"                     value="LEGAL_ENTITY_NAME"/>
           <element name="LE_ADDRESS_LINE_1"                     value="LE_ADDRESS_LINE_1"/>
           <element name="LE_ADDRESS_LINE_2"                     value="LE_ADDRESS_LINE_2"/>
           <element name="LE_ADDRESS_LINE_3"                     value="LE_ADDRESS_LINE_3"/>
           <element name="LE_CITY"                               value="LE_CITY"/>
           <element name="LE_REGION_1"                           value="LE_REGION_1"/>
           <element name="LE_REGION_2"                           value="LE_REGION_2"/>
           <element name="LE_REGION_3"                           value="LE_REGION_3"/>
           <element name="LE_POSTAL_CODE"                        value="LE_POSTAL_CODE"/>
           <element name="LE_COUNTRY"                            value="LE_COUNTRY"/>
           <element name="LE_REGISTRATION_NUMBER"                value="LE_REGISTRATION_NUMBER"/>
           <element name="LE_REGISTRATION_EFFECTIVE_FROM"        value="LE_REGISTRATION_EFFECTIVE_FROM"/>
           <element name="LE_BR_DAILY_INSCRIPTION_NUMBER"        value="LE_BR_DAILY_INSCRIPTION_NUMBER"/>
           <element name="LE_BR_DAILY_INSCRIPTION_DATE"          value="LE_BR_DAILY_INSCRIPTION_DATE"/>
           <element name="LE_BR_DAILY_ENTITY"                    value="LE_BR_DAILY_ENTITY"/>
           <element name="LE_BR_DAILY_LOCATION"                  value="LE_BR_DAILY_LOCATION"/>
           <element name="LE_BR_DIRECTOR_NUMBER"                 value="LE_BR_DIRECTOR_NUMBER"/>
           <element name="LE_BR_ACCOUNTANT_NUMBER"               value="LE_BR_ACCOUNTANT_NUMBER"/>
           <element name="LE_BR_ACCOUNTANT_NAME"                 value="LE_BR_ACCOUNTANT_NAME"/>
                <group name="JELINE_ROW" source="Q_LONG_REPORT">
                 <element name="GL_DATE"                               value="GL_DATE"/>
                 <element name="CREATED_BY"                            value="CREATED_BY"/>
                 <element name="CREATION_DATE"                         value="CREATION_DATE"/>
                 <element name="LAST_UPDATE_DATE"                      value="LAST_UPDATE_DATE"/>
                 <element name="GL_TRANSFER_DATE"                      value="GL_TRANSFER_DATE"/>
                 <element name="REFERENCE_DATE"                        value="REFERENCE_DATE"/>
                 <element name="COMPLETED_DATE"                        value="COMPLETED_DATE"/>
                 <element name="TRANSACTION_NUMBER"                    value="TRANSACTION_NUMBER"/>
                 <element name="TRANSACTION_DATE"                      value="TRANSACTION_DATE"/>
                 <element name="ACCOUNTING_SEQUENCE_NAME"              value="ACCOUNTING_SEQUENCE_NAME"/>
                 <element name="ACCOUNTING_SEQUENCE_VERSION"           value="ACCOUNTING_SEQUENCE_VERSION"/>
                 <element name="ACCOUNTING_SEQUENCE_NUMBER"            value="ACCOUNTING_SEQUENCE_NUMBER"/>
                 <element name="REPORTING_SEQUENCE_NAME"               value="REPORTING_SEQUENCE_NAME"/>
                 <element name="REPORTING_SEQUENCE_VERSION"            value="REPORTING_SEQUENCE_VERSION"/>
                 <element name="REPORTING_SEQUENCE_NUMBER"             value="REPORTING_SEQUENCE_NUMBER"/>
                 <element name="DOCUMENT_CATEGORY"                     value="DOCUMENT_CATEGORY"/>
                 <element name="DOCUMENT_SEQUENCE_NAME"                value="DOCUMENT_SEQUENCE_NAME"/>
                 <element name="DOCUMENT_SEQUENCE_NUMBER"              value="DOCUMENT_SEQUENCE_NUMBER"/>
				 <element name="GL_DOCUMENT_SEQUENCE_NAME" value="GL_DOCUMENT_SEQUENCE_NAME" /> 
                 <element name="GL_DOCUMENT_SEQUENCE_NUMBER" value="GL_DOCUMENT_SEQUENCE_NUMBER" /> 
                 <element name="APPLICATION_ID"                        value="APPLICATION_ID"/>
                 <element name="APPLICATION_NAME"                      value="APPLICATION_NAME"/>
                 <element name="HEADER_ID"                             value="HEADER_ID"/>
                 <element name="HEADER_DESCRIPTION"                    value="HEADER_DESCRIPTION"/>
                 <element name="FUND_STATUS"                           value="FUND_STATUS"/>
                 <element name="JE_CATEGORY_NAME"                      value="JE_CATEGORY_NAME"/>
                 <element name="JE_SOURCE_NAME"                        value="JE_SOURCE_NAME"/>
                 <element name="EVENT_ID"                              value="EVENT_ID"/>
                 <element name="EVENT_DATE"                            value="EVENT_DATE"/>
                 <element name="EVENT_NUMBER"                          value="EVENT_NUMBER"/>
                 <element name="EVENT_CLASS_CODE"                      value="EVENT_CLASS_CODE"/>
                 <element name="EVENT_CLASS_NAME"                      value="EVENT_CLASS_NAME"/>
                 <element name="EVENT_TYPE_CODE"                       value="EVENT_TYPE_CODE"/>
                 <element name="EVENT_TYPE_NAME"                       value="EVENT_TYPE_NAME"/>
                 <element name="GL_BATCH_NAME"                         value="GL_BATCH_NAME"/>
                 <element name="POSTED_DATE"                           value="POSTED_DATE"/>
                 <element name="GL_JE_NAME"                            value="GL_JE_NAME"/>
                 <element name="EXTERNAL_REFERENCE"                    value="EXTERNAL_REFERENCE"/>
                 <element name="GL_LINE_NUMBER"                        value="GL_LINE_NUMBER"/>
                 <element name="LINE_NUMBER"                           value="LINE_NUMBER"/>
                 <element name="ORIG_LINE_NUMBER"                      value="ORIG_LINE_NUMBER"/>
                 <element name="ACCOUNTING_CLASS_CODE"                 value="ACCOUNTING_CLASS_CODE"/>
                 <element name="ACCOUNTING_CLASS_NAME"                 value="ACCOUNTING_CLASS_NAME"/>
                 <element name="LINE_DESCRIPTION"                      value="LINE_DESCRIPTION"/>
                 <element name="ENTERED_CURRENCY"                      value="ENTERED_CURRENCY"/>
                 <element name="CONVERSION_RATE"                       value="CONVERSION_RATE"/>
                 <element name="CONVERSION_RATE_DATE"                  value="CONVERSION_RATE_DATE"/>
                 <element name="CONVERSION_RATE_TYPE_CODE"             value="CONVERSION_RATE_TYPE_CODE"/>
                 <element name="CONVERSION_RATE_TYPE"                  value="CONVERSION_RATE_TYPE"/>
                 <element name="ENTERED_DR"                            value="ENTERED_DR"/>
                 <element name="ENTERED_CR"                            value="ENTERED_CR"/>
                 <element name="UNROUNDED_ACCOUNTED_DR"                value="UNROUNDED_ACCOUNTED_DR"/>
                 <element name="UNROUNDED_ACCOUNTED_CR"                value="UNROUNDED_ACCOUNTED_CR"/>
                 <element name="ACCOUNTED_DR"                          value="ACCOUNTED_DR"/>
                 <element name="ACCOUNTED_CR"                          value="ACCOUNTED_CR"/>
                 <element name="STATISTICAL_AMOUNT"                    value="STATISTICAL_AMOUNT"/>
                 <element name="RECONCILIATION_REFERENCE"              value="RECONCILIATION_REFERENCE"/>
                 <element name="ATTRIBUTE_CATEGORY"                    value="ATTRIBUTE_CATEGORY"/>
                 <element name="ATTRIBUTE1"                            value="ATTRIBUTE1"/>
                 <element name="ATTRIBUTE2"                            value="ATTRIBUTE2"/>
                 <element name="ATTRIBUTE3"                            value="ATTRIBUTE3"/>
                 <element name="ATTRIBUTE4"                            value="ATTRIBUTE4"/>
                 <element name="ATTRIBUTE5"                            value="ATTRIBUTE5"/>
                 <element name="ATTRIBUTE6"                            value="ATTRIBUTE6"/>
                 <element name="ATTRIBUTE7"                            value="ATTRIBUTE7"/>
                 <element name="ATTRIBUTE8"                            value="ATTRIBUTE8"/>
                 <element name="ATTRIBUTE9"                            value="ATTRIBUTE9"/>
                 <element name="ATTRIBUTE10"                           value="ATTRIBUTE10"/>
                 <element name="PARTY_TYPE_CODE"                       value="PARTY_TYPE_CODE"/>
                 <element name="PARTY_TYPE"                            value="PARTY_TYPE"/>
                 <element name="PARTY_NUMBER"                          value="PARTY_NUMBER"/>
                 <element name="PARTY_NAME"                            value="PARTY_NAME"/>
                 <element name="PARTY_TYPE_TAXPAYER_ID"                value="PARTY_TYPE_TAXPAYER_ID"/>
                 <element name="PARTY_TAX_REGISTRATION_NUMBER"         value="PARTY_TAX_REGISTRATION_NUMBER"/>
                 <element name="PARTY_SITE_NUMBER"                     value="PARTY_SITE_NUMBER"/>
                 <element name="PARTY_SITE_NAME"                       value="PARTY_SITE_NAME"/>
                 <element name="PARTY_SITE_TYPE_TAXPAYER_ID"           value="PARTY_SITE_TYPE_TAXPAYER_ID"/>
                 <element name="PARTY_SITE_TAX_RGSTN_NUMBER"           value="PARTY_SITE_TAX_RGSTN_NUMBER"/>
                 <element name="USER_TRX_IDENTIFIER_NAME_1"            value="USER_TRX_IDENTIFIER_NAME_1"/>
                 <element name="USER_TRX_IDENTIFIER_VALUE_1"           value="USER_TRX_IDENTIFIER_VALUE_1"/>
                 <element name="USER_TRX_IDENTIFIER_NAME_2"            value="USER_TRX_IDENTIFIER_NAME_2"/>
                 <element name="USER_TRX_IDENTIFIER_VALUE_2"           value="USER_TRX_IDENTIFIER_VALUE_2"/>
                 <element name="USER_TRX_IDENTIFIER_NAME_3"            value="USER_TRX_IDENTIFIER_NAME_3"/>
                 <element name="USER_TRX_IDENTIFIER_VALUE_3"           value="USER_TRX_IDENTIFIER_VALUE_3"/>
                 <element name="USER_TRX_IDENTIFIER_NAME_4"            value="USER_TRX_IDENTIFIER_NAME_4"/>
                 <element name="USER_TRX_IDENTIFIER_VALUE_4"           value="USER_TRX_IDENTIFIER_VALUE_4"/>
                 <element name="USER_TRX_IDENTIFIER_NAME_5"            value="USER_TRX_IDENTIFIER_NAME_5"/>
                 <element name="USER_TRX_IDENTIFIER_VALUE_5"           value="USER_TRX_IDENTIFIER_VALUE_5"/>
                 <element name="USER_TRX_IDENTIFIER_NAME_6"            value="USER_TRX_IDENTIFIER_NAME_6"/>
                 <element name="USER_TRX_IDENTIFIER_VALUE_6"           value="USER_TRX_IDENTIFIER_VALUE_6"/>
                 <element name="USER_TRX_IDENTIFIER_NAME_7"            value="USER_TRX_IDENTIFIER_NAME_7"/>
                 <element name="USER_TRX_IDENTIFIER_VALUE_7"           value="USER_TRX_IDENTIFIER_VALUE_7"/>
                 <element name="USER_TRX_IDENTIFIER_NAME_8"            value="USER_TRX_IDENTIFIER_NAME_8"/>
                 <element name="USER_TRX_IDENTIFIER_VALUE_8"           value="USER_TRX_IDENTIFIER_VALUE_8"/>
                 <element name="USER_TRX_IDENTIFIER_NAME_9"            value="USER_TRX_IDENTIFIER_NAME_9"/>
                 <element name="USER_TRX_IDENTIFIER_VALUE_9"           value="USER_TRX_IDENTIFIER_VALUE_9"/>
                 <element name="USER_TRX_IDENTIFIER_NAME_10"           value="USER_TRX_IDENTIFIER_NAME_10"/>
                 <element name="USER_TRX_IDENTIFIER_VALUE_10"          value="USER_TRX_IDENTIFIER_VALUE_10"/>
				 <element name="PO"                                    value="PO"/>
				 <element name="XXHA_PARTY_TYPE"                       value="XXHA_PARTY_TYPE"/>
				 <element name="XXHA_PARTY_NAME"                       value="XXHA_PARTY_NAME"/>
				 <element name="XXHA_PARTY_NUMBER"                     value="XXHA_PARTY_NUMBER"/>
				 <element name="XXHA_SHIP_CUSTOMER_NAME"               value="XXHA_SHIP_CUSTOMER_NAME"/>
				 <element name="XXHA_SHIP_CUSTOMER_NUMBER"             value="XXHA_SHIP_CUSTOMER_NUMBER"/>
                     <group name="TAX" source="Q_TAX">
                      <element name="TAX_REGIME"                     value="TAX_REGIME"/>
                      <element name="TAX"                            value="TAX"/>
                      <element name="TAX_NAME"                       value="TAX_NAME"/>
                      <element name="TAX_STATUS_NAME"                value="TAX_STATUS_NAME"/>
                      <element name="TAX_RATE_NAME"                  value="TAX_RATE_NAME"/>
                      <element name="TAX_RATE"                       value="TAX_RATE"/>
                      <element name="TAX_RATE_TYPE_NAME"             value="TAX_RATE_TYPE_NAME"/>
                      <element name="TAX_DETERMINE_DATE"             value="TAX_DETERMINE_DATE"/>
                      <element name="TAX_POINT_DATE"                 value="TAX_POINT_DATE"/>
                      <element name="TAX_TYPE_CODE"                  value="TAX_TYPE_CODE"/>
                      <element name="TAX_TYPE_NAME"                  value="TAX_TYPE_NAME"/>
                      <element name="TAX_CODE"                       value="TAX_CODE"/>
                      <element name="TAX_REGISTRATION_NUMBER"        value="TAX_REGISTRATION_NUMBER"/>
                      <element name="TRX_CURRENCY_CODE"              value="TRX_CURRENCY_CODE"/>
                      <element name="TAX_CURRENCY_CODE"              value="TAX_CURRENCY_CODE"/>
                      <element name="TAX_AMOUNT"                     value="TAX_AMOUNT"/>
                      <element name="TAX_AMOUNT_TAX_CURRENCY"        value="TAX_AMOUNT_TAX_CURRENCY"/>
                      <element name="TAX_AMOUNT_FUNCTIONAL_CURR"     value="TAX_AMOUNT_FUNCTIONAL_CURR"/>
                      <element name="TAXABLE_AMOUNT"                 value="TAXABLE_AMOUNT"/>
                      <element name="TAXABLE_AMOUNT_TAX_CURRENCY"    value="TAXABLE_AMOUNT_TAX_CURRENCY"/>
                      <element name="TAXABLE_AMT_FUNC_CURRENCY"      value="TAXABLE_AMT_FUNC_CURRENCY"/>
                      <element name="UNROUNDED_TAXABLE_AMOUNT"       value="UNROUNDED_TAXABLE_AMOUNT"/>
                      <element name="UNROUNDED_TAX_AMOUNT"           value="UNROUNDED_TAX_AMOUNT"/>
                      <element name="RECOVERABLE_TAX_AMOUNT"         value="RECOVERABLE_TAX_AMOUNT"/>
                      <element name="RECOVERABLE_TAX_AMT_TAX_CURR"   value="RECOVERABLE_TAX_AMT_TAX_CURR"/>
                      <element name="RECOVERABLE_TAX_AMT_FUNC_CURR"  value="RECOVERABLE_TAX_AMT_FUNC_CURR"/>
                      <element name="NON_RECOVERABLE_TAX_AMOUNT"     value="NON_RECOVERABLE_TAX_AMOUNT"/>
                      <element name="NON_REC_TAX_AMT_TAX_CURR"       value="NON_REC_TAX_AMT_TAX_CURR"/>
                      <element name="NON_REC_TAX_AMT_FUNC_CURR"      value="NON_REC_TAX_AMT_FUNC_CURR"/>
                     </group>
                </group>
          </group>
    </group>
</group>
</group>  
<group name="COMMERCIAL" source="Q_COMMERCIAL">
               <element name="LEGAL_COMMERCIAL_NUMBER"
                  value="LEGAL_COMMERCIAL_NUMBER"/>
</group>
<group name="VAT_REGISTRATION" source="Q_VAT_REGISTRATION">
               <element name="LEGAL_VAT_REGISTRATION_NUMBER"
                  value="LEGAL_VAT_REGISTRATION_NUMBER"/>
</group>
<group name="G_RUN_SHORT_REPORT" source="Q_RUN_SHORT_REPORT">
  <element name="L_RUN_SHORT_REPORT" value="L_RUN_SHORT_REPORT"/>
  <group name="BALANCE_CCID" source = "Q_SHORT_REPORT">
   <element name="LEDGER_NAME"                           value="LEDGER_NAME"/>
   <element name="LEDGER_CURRENCY"                       value="LEDGER_CURRENCY"/>
   <element name="BALANCE_TYPE"                          value="BALANCE_TYPE"/>
   <element name="BUDGET_NAME"                           value="BUDGET_NAME"/>
   <element name="ENCUMBRANCE_TYPE"                      value="ENCUMBRANCE_TYPE"/>
      <group name="CCID_S" source = "Q_SHORT_REPORT">
       <element name="ACCOUNTING_CODE_COMBINATION"           value="ACCOUNTING_CODE_COMBINATION"/>
       <element name="CODE_COMBINATION_DESCRIPTION"          value="CODE_COMBINATION_DESCRIPTION"/>
            <group name="PERIOD_S" source = "Q_SHORT_REPORT">
             <element name="PERIOD_NAME"                           value="PERIOD_NAME"/>
             <element name="BEGIN_BALANCE_DR"                      value="BEGIN_BALANCE_DR"/>
             <element name="BEGIN_BALANCE_CR"                      value="BEGIN_BALANCE_CR"/>
             <element name="PERIOD_NET_DR"                         value="PERIOD_NET_DR"/>
             <element name="PERIOD_NET_CR"                         value="PERIOD_NET_CR"/>
                  <group name="JELINE_ROW" source="Q_SHORT_REPORT">
                   <element name="GL_DATE"                               value="GL_DATE"/>
                   <element name="TRANSACTION_NUMBER"                    value="TRANSACTION_NUMBER"/>
                   <element name="JE_CATEGORY_NAME"                      value="JE_CATEGORY_NAME"/>
                   <element name="JE_SOURCE_NAME"                        value="JE_SOURCE_NAME"/>
                   <element name="LINE_DESCRIPTION"                      value="LINE_DESCRIPTION"/>
                   <element name="EVENT_CLASS_NAME"                      value="EVENT_CLASS_NAME"/>
                   <element name="ACCOUNTED_DR"                          value="ACCOUNTED_DR"/>
                   <element name="ACCOUNTED_CR"                          value="ACCOUNTED_CR"/>
                  </group>
            </group>
      </group>
  </group>
</group>  
</dataStructure>
</dataTemplate>
