<?xml version="1.0" encoding="UTF-8" ?>
<xapi:requestset xmlns:xapi="http://xmlns.oracle.com/oxp/xapi">
<xapi:request  select="/XXHA_MATERIAL_CERT_LEGACY/LIST_G_RESULTS_ID/G_RESULTS_ID">
<xapi:delivery>
	<xapi:filesystem output="/interface/HAEPRD/CERTS/${CP_REQUEST_ID}_${RESULTS_ID}_${OCCURRENCE}_${ORGANIZATION_CODE}_${ITEM_NUMBER}_${LOT_NUMBER}_${TEMPLATE_NAME}.pdf" />
</xapi:delivery>
<xapi:document output-type="pdf">
<xapi:template type="rtf" location="xdo://HAEMO.${TEMPLATE_NAME}/?getSource=true" filter="">
</xapi:template>
</xapi:document>
</xapi:request>
</xapi:requestset>