<?xml version="1.0" encoding="UTF-8" ?>
<!-- $Header: DATA_TEMPLATE_XXHA_SHIP_DOCS_SEPARATOR.xml 115.0 2015/05/27 14:02:42 xdouser noship $ -->
<!-- dbdrv: none -->

<dataTemplate name="XXHA_SHIP_DOCS_SEPARATOR" version="1.0">
<properties>
<property name="debug_mode" value="on" />
</properties>
<parameters>
<parameter name="P_DELIV_ID" dataType ="VARCHAR2(30)"></parameter>
</parameters>

<dataQuery>
<sqlStatement name="Q_XXHA_SHIP_DOCS_SEPARATOR">
<![CDATA[
select delivery_id from wsh_new_deliveries where delivery_id in (select distinct wnd.delivery_id from wsh_new_deliveries_ob_grp_v wnd, wsh_delivery_assignments_v wda, wsh_delivery_details_ob_grp_v wdd
   where wda.delivery_Detail_id = wdd.delivery_Detail_id
AND wda.delivery_id          = wnd.delivery_id
AND wnd.delivery_id = :P_DELIV_ID
and (wdd.attribute4 is not null or wdd.attribute5 is not null))
]]>
</sqlStatement>
</dataQuery>
<dataStructure>
<group name="G_XXHA_SHIP_DOCS_SEPARATOR" source="Q_XXHA_SHIP_DOCS_SEPARATOR">
<element name="DELIVERY_ID" value="DELIVERY_ID" />
</group>
</dataStructure>
</dataTemplate> 