<?xml version="1.0" encoding="UTF-8"?>
<xapi:requestset xmlns:xapi="http://xmlns.oracle.com/oxp/xapi">
<xapi:request select="/XXHA_SCHEDULED_JOBS/LIST_G_RECORD_ID/G_RECORD_ID">
<xapi:delivery>
<xapi:email server="${EMAIL_SERVER_}" port="${EMAIL_PORT_}" from="ebsmailer-haeprd@haemonetics.com" reply-to ="">
<xapi:message id="123" to="${EMAIL_ADDRESS1}" cc="" attachment="true" content-type="text/html" subject="Alert: Scheduled Jobs that will need to be Resubmitted"><![CDATA[
     <html>
          <body>
		       <font face="Tahoma" size="2">
		       <p>Hi,</p>
			   <p>Attached is a spreadsheet that details all of your Scheduled Jobs that will need to be resubmitted.</p>
			   <p></p>
			   <p>You will need to log into Oracle EBS and resubmit those Scheduled Jobs.</p>
			   </font>
			   </body>
     </html>]]>
</xapi:message>
</xapi:email>
</xapi:delivery>
<xapi:document output="${USER_NAME}_Scheduled_Jobs" output-type="excel" delivery="123">
<xapi:template type="rtf" location="xdo://HAEMO.XXHA_SCHEDULED_JOBS.en.US/?getSource=true" filter="">
</xapi:template>
</xapi:document>
</xapi:request>
</xapi:requestset>